id,first_name,last_name,age,phone,email,experience,past_events,past_no_shows,languages,certifications,skills,preferred_role,flexible_role,avail_fri,avail_sat,avail_sun,availability_notes,sat_zone,sat_role,sat_shifts,status_1405,current_zone,minutes_on_shift,minutes_since_break,on_site,s2_checkin,sun_min
V001,Ethan,Chen,23,0453 384 259,ethan.chen1@example.com,first_timer,0,0,English;Cantonese,rsa;wwcc,hospitality,Crowd Steward,yes,S1;S2;S3,S2;S3,S1;S2;S3,"Fri free from open to close; Sat uni commitment in the morning, free after lunch; Sun free all day",Lawn Stage,Crowd Steward,S3,upcoming,Off site,0,,no,,0
V002,Jin,Pham,18,0447 181 975,jin.pham2@example.com,returning,5,0,English,wwcc,first_responder_experience,First Aid,yes,,S2;S3,,"only free Saturday, afternoon and evening only; can't stand for very long",,,,standby,Volunteer Hub,0,,yes,,0
V003,Kavya,Farah,20,0418 316 680,kavya.farah3@example.com,first_timer,0,0,English,wwcc,crowd_management;radio_comms,Food Court Support,yes,S1;S2;S3,,S1;S2;S3,Fri available whenever you need me; Sun free all day; prefers to be with a friend,,,,unavailable,Off site,0,,no,,0
V004,Nadia,Kim,22,0459 490 710,nadia.kim4@example.com,first_timer,0,0,English,,navigation_wayfinding;event_setup,Stage Crew,yes,,S3,S2;S3,Sat evenings only; Sun free from 2pm; no heavy lifting please,,,,unavailable,Off site,0,,no,,0
V005,Vivian,Zhang,19,0430 652 897,vivian.zhang5@example.com,first_timer,0,0,English,food_safety,de_escalation;crowd_management,Gate Entry,yes,S1,S3,,"Fri mornings only; Sat work until 5, free after; doing paramedic science",,,,unavailable,Off site,0,,no,,0
V006,Hugo,Anderson,22,0479 873 847,hugo.anderson6@example.com,returning,5,0,English;Auslan,rsa;wwcc,heavy_lifting;customer_service,Stage Crew,no,S1;S2;S3,S1,S1;S2,Fri free from open to close; Sat mornings only; Sun can do morning and afternoon,,,,unavailable,Off site,0,,no,,0
V007,Jack,O'Brien,20,0437 652 235,jack.obrien7@example.com,returning,1,0,English,,heavy_lifting;crowd_management,Info Desk,yes,S1;S2;S3,S1;S2;S3,,Fri available whenever you need me; Sat free all day,Info Hub,Info Desk,S1;S2,on_break,Break Area,245,3,yes,,0
V008,Omar,White,19,0445 573 355,omar.white8@example.com,returning,1,0,English,wwcc,hospitality;navigation_wayfinding,Crowd Steward,yes,,S1;S2,S2,Sat free until 6pm; Sun afternoon only; would rather not work near loud stages,Lawn Stage,Crowd Steward,S1;S2,on_shift,Lawn Stage,245,16,yes,,9
V009,Chloe,Turner,24,0447 322 159,chloe.turner9@example.com,returning,2,0,English,rsa,crowd_management,Any,yes,S1;S2;S3,S1;S2;S3,S3,Fri available whenever you need me; Sat available whenever you need me; Sun free after 6pm,Bar Zone,Bar Support,S2,on_shift,Bar Zone,5,5,yes,14:01,1
V010,Penny,Papadopoulos,18,0436 785 833,penny.papadopoulos10@example.com,first_timer,0,0,English,rsa,customer_service;crowd_management,Food Court Support,no,S2,S3,S2;S3,"Fri afternoon only; Sat work until 5, free after; Sun free from 2pm",Food Court,Food Court Support,S3,upcoming,Off site,0,,no,,0
V011,Nadia,Li,19,0493 641 108,nadia.li11@example.com,returning,8,2,English,,customer_service,Info Desk,yes,S1;S2;S3,S3,,Fri free all day; Sat free after 6pm; would rather not work near loud stages,,,,unavailable,Off site,0,,no,,0
V012,Anika,Nguyen,32,0426 752 368,anika.nguyen12@example.com,first_timer,0,0,English,first_aid;wwcc,event_setup;navigation_wayfinding,First Aid,yes,,S2;S3,,"only free Saturday, free from 2pm; happy to be moved anywhere",Medical Tent,First Aid,S3,upcoming,Off site,0,,no,,0
V013,Harper,Turner,21,0495 205 462,harper.turner13@example.com,returning,1,0,English,rsa;wwcc,navigation_wayfinding;customer_service,Gate Entry,yes,S1;S2;S3,,,"only free Friday, free all day",,,,unavailable,Off site,0,,no,,0
V014,Liam,Tan,40,0468 458 412,liam.tan14@example.com,returning,2,0,English;Arabic,wwcc;food_safety,hospitality;customer_service,Gate Entry,yes,,S1;S2;S3,S1,Sat available whenever you need me; Sun mornings only,Gate A,Gate Entry,S3,upcoming,Off site,0,,no,,0
V015,Kavya,Lee,17,0486 544 453,kavya.lee15@example.com,first_timer,0,0,English,,event_setup,Info Desk,yes,,S1;S2;S3,S2,Sat available whenever you need me; Sun afternoon only,,,,standby,Off site,0,,no,,0
V016,Nadia,Tran,22,0447 667 230,nadia.tran16@example.com,returning,5,1,English,,customer_service;heavy_lifting;radio_comms,Food Court Support,yes,,S1;S2;S3,,"only free Saturday, free from open to close; happy to be moved anywhere",Food Court,Food Court Support,S1;S2,on_shift,Food Court,245,139,yes,,51
V017,Ivy,Taylor,22,0491 734 443,ivy.taylor17@example.com,first_timer,0,0,English,wwcc,navigation_wayfinding;customer_service;radio_comms,Info Desk,yes,,S1;S2,S1;S2;S3,Sat can do morning and afternoon; Sun free from open to close; can't stand for very long,,,,standby,Volunteer Hub,0,,yes,,0
V018,Dev,Li,22,0441 968 224,dev.li18@example.com,returning,1,0,English,rsa;wwcc,crowd_management;first_responder_experience;heavy_lifting,Any,yes,S1;S2,S1,,Fri free until 6pm; Sat free until 2pm; has done St John volunteering,,,,unavailable,Off site,0,,no,,0
V019,Uma,Hall,24,0446 340 378,uma.hall19@example.com,first_timer,0,0,English,,navigation_wayfinding;hospitality;first_responder_experience,Info Desk,yes,S2,S1,,Fri only free 2 to 6; Sat free until 2pm,,,,unavailable,Off site,0,,no,,0
V020,Olivia,Park,28,0463 651 865,olivia.park20@example.com,first_timer,0,0,English,first_aid;rsa;food_safety,crowd_management;hospitality;first_responder_experience,First Aid,yes,S1;S2,,S1,Fri need to leave by 6pm; Sun free until 2pm,,,,unavailable,Off site,0,,no,,0
V021,Jayden,Lee,21,0451 445 879,jayden.lee21@example.com,first_timer,0,0,English,,radio_comms;first_responder_experience;crowd_management,Food Court Support,yes,,S2;S3,S1;S2,"Sat uni commitment in the morning, free after lunch; Sun free until 6pm; happy to be moved anywhere",Food Court,Food Court Support,S3,upcoming,Off site,0,,no,,0
V022,Rohan,Morgan,23,0437 576 816,rohan.morgan22@example.com,returning,2,0,English;Cantonese,rsa;wwcc;food_safety,de_escalation,Water Station,yes,,,S1;S2;S3,"only free Sunday, free all day; would rather not work near loud stages",,,,unavailable,Off site,0,,no,,0
V023,Lucas,Santos,19,0486 924 223,lucas.santos23@example.com,returning,1,1,English,wwcc,crowd_management;customer_service,Info Desk,no,S3,S2;S3,,Fri evenings only; Sat free from 2pm,,,,standby,Off site,0,,no,,0
V024,Matilda,Collins,20,0485 374 430,matilda.collins24@example.com,returning,1,0,English,,first_responder_experience;crowd_management;heavy_lifting,Any,yes,,S1,,"only free Saturday, free until 2pm",,,,unavailable,Off site,0,,no,,0
V025,Leo,Evans,20,0440 807 587,leo.evans25@example.com,first_timer,0,0,English,,customer_service;first_responder_experience,Stage Crew,yes,S2,S3,S1;S2;S3,"Fri afternoon only; Sat work until 5, free after; Sun free all day; has done St John volunteering",Main Stage,Stage Crew,S3,upcoming,Off site,0,,no,,0
V026,Zac,Walker,24,0445 841 703,zac.walker26@example.com,returning,2,0,English,first_aid;rsa,first_responder_experience;de_escalation,First Aid,no,,S1;S2;S3,S1;S2;S3,Sat free all day; Sun free from open to close,Medical Tent,First Aid,S1,finished,Off site,0,,no,,0
V027,Hugo,Murphy,55,0471 216 941,hugo.murphy27@example.com,returning,1,0,English,rsa;wwcc,event_setup;customer_service,Info Desk,no,S2,S2,S1;S2,Fri only free 2 to 6; Sat only free 2 to 6; Sun free until 6pm,,,,standby,Volunteer Hub,0,,yes,,0
V028,Charlotte,Stewart,21,0422 881 312,charlotte.stewart28@example.com,returning,1,0,English;Greek,wwcc,crowd_management;heavy_lifting,First Aid,yes,S2;S3,S1;S2,,"Fri uni commitment in the morning, free after lunch; Sat can do morning and afternoon",,,,standby,Off site,0,,no,,0
V029,Jin,Mitchell,22,0444 946 245,jin.mitchell29@example.com,first_timer,0,0,English;Korean,rsa;wwcc;food_safety,first_responder_experience;event_setup;customer_service,Gate Entry,yes,,S1;S2;S3,S2,Sat free from open to close; Sun afternoon only,Gate B,Gate Entry,S1,finished,Off site,0,,no,,0
V030,Chloe,Dang,19,0496 941 375,chloe.dang30@example.com,returning,1,1,English,,first_responder_experience,First Aid,no,S2;S3,S1;S2;S3,S1;S2;S3,"Fri uni commitment in the morning, free after lunch; Sat free all day; Sun free all day; doing paramedic science",,,,standby,Off site,0,,no,,0
V031,Omar,Collins,23,0424 891 513,omar.collins31@example.com,first_timer,0,0,English,,first_responder_experience;crowd_management;heavy_lifting,Food Court Support,yes,,S1;S2;S3,S1;S2;S3,Sat available whenever you need me; Sun free from open to close; can't stand for very long,Main Stage,Crowd Steward,S3,upcoming,Off site,0,,no,,0
V032,Aroha,Anderson,22,0424 572 220,aroha.anderson32@example.com,returning,3,0,English;Vietnamese,wwcc,first_responder_experience;customer_service;crowd_management,Stage Crew,yes,,S3,S1;S2;S3,Sat evenings only; Sun available whenever you need me,,,,unavailable,Off site,0,,no,,0
V033,Hana,Wong,32,0446 843 405,hana.wong33@example.com,returning,3,0,English;Hindi,,heavy_lifting;first_responder_experience;event_setup,Info Desk,no,,S1;S2;S3,,"only free Saturday, available whenever you need me; on the Melbourne Uni volunteers team",,,,standby,Off site,0,,no,,0
V034,Quinn,Wilson,25,0414 229 614,quinn.wilson34@example.com,first_timer,0,0,English;Korean,wwcc,first_responder_experience;de_escalation;hospitality,Crowd Steward,yes,S2,S1;S2;S3,S3,"Fri only free 2 to 6; Sat available whenever you need me; Sun work until 5, free after",Lawn Stage,Crowd Steward,S3,upcoming,Off site,0,,no,,0
V035,Quinn,Phillips,25,0414 732 170,quinn.phillips35@example.com,first_timer,0,0,English;Punjabi,,hospitality;radio_comms,Any,no,,S2,,"only free Saturday, only free 2 to 6",,,,standby,Off site,0,,no,,0
V036,Layla,Murphy,55,0488 991 491,layla.murphy36@example.com,returning,3,0,English;Punjabi,wwcc,first_responder_experience,Crowd Steward,yes,,S1;S2,S2;S3,Sat need to leave by 6pm; Sun afternoon and evening only,Lawn Stage,Crowd Steward,S1,finished,Off site,0,,no,,0
V037,Yuki,Li,21,0483 467 688,yuki.li37@example.com,returning,1,0,English,rsa,first_responder_experience,Water Station,yes,S1;S2,S2;S3,S1;S2;S3,Fri can do morning and afternoon; Sat free from 2pm; Sun available whenever you need me,Water Station,Water Station,S2;S3,on_shift,Water Station,5,5,yes,14:04,1
V038,Mei,Nair,17,0494 797 958,mei.nair38@example.com,returning,2,0,English,,customer_service,Info Desk,yes,,S1;S2;S3,,"only free Saturday, free all day",Info Hub,Info Desk,S3,upcoming,Off site,0,,no,,0
V039,Grace,Farah,28,0453 923 217,grace.farah39@example.com,first_timer,0,0,English,,crowd_management;event_setup,Info Desk,no,S2,S1;S2,S1;S2;S3,Fri afternoon only; Sat can do morning and afternoon; Sun available whenever you need me,Info Hub,Info Desk,S1;S2,on_break,Break Area,245,9,yes,,0
V040,Vivian,Dimitriou,19,0438 763 164,vivian.dimitriou40@example.com,first_timer,0,0,English;Spanish,,crowd_management;hospitality,Food Court Support,no,S1,S1;S2,S1;S2,Fri mornings only; Sat can do morning and afternoon; Sun free until 6pm,,,,standby,Off site,0,,no,,0
V041,Vivian,Nguyen,22,0498 479 322,vivian.nguyen41@example.com,first_timer,0,0,English,first_aid;rsa;wwcc,crowd_management;first_responder_experience,Stage Crew,yes,S3,S2;S3,S1,Fri free after 6pm; Sat afternoon and evening only; Sun mornings only,,,,standby,Volunteer Hub,0,,yes,,0
V042,Tom,Turner,40,0439 436 892,tom.turner42@example.com,returning,5,0,English;Cantonese,rsa,customer_service;hospitality,Gate Entry,yes,S1;S2;S3,S3,S1;S2;S3,"Fri free all day; Sat work until 5, free after; Sun free all day; on the Melbourne Uni volunteers team",Bar Zone,Bar Support,S3,upcoming,Off site,0,,no,,0
V043,Hamish,Anderson,20,0438 729 144,hamish.anderson43@example.com,returning,2,0,English;Arabic,,customer_service,Water Station,yes,S1;S2;S3,S1,S1,Fri available whenever you need me; Sat free until 2pm; Sun free until 2pm,,,,unavailable,Off site,0,,no,,0
V044,Nguyen,Nguyen,21,0477 401 564,nguyen.nguyen44@example.com,first_timer,0,0,English,rsa,first_responder_experience,Stage Crew,no,,S1;S2;S3,S2;S3,Sat free from open to close; Sun afternoon and evening only,Main Stage,Stage Crew,S1,finished,Off site,0,,no,,0
V045,Zoe,Tran,18,0420 195 542,zoe.tran45@example.com,first_timer,0,0,English,,hospitality;first_responder_experience,Any,yes,,S1,S1;S2;S3,Sat free until 2pm; Sun available whenever you need me,,,,unavailable,Off site,0,,no,,0
V046,Eleni,Santos,24,0423 458 965,eleni.santos46@example.com,returning,1,0,English,,hospitality,Any,yes,,S3,S1;S2,"Sat work until 5, free after; Sun need to leave by 6pm; doing paramedic science",,,,unavailable,Off site,0,,no,,0
V047,Liam,Santos,18,0468 449 261,liam.santos47@example.com,returning,1,0,English;Punjabi,rsa,event_setup,Gate Entry,yes,S1;S2;S3,S2;S3,S1;S2;S3,Fri free from open to close; Sat free from 2pm; Sun free all day,Gate B,Gate Entry,S2,on_shift,Gate B,5,5,yes,14:03,2
V048,Riley,O'Brien,23,0449 146 325,riley.obrien48@example.com,first_timer,0,0,English;Indonesian,wwcc;food_safety,customer_service;crowd_management,Any,yes,,S1;S2;S3,S1;S2,Sat free all day; Sun can do morning and afternoon,,,,standby,Volunteer Hub,0,,yes,,0
V049,Sam,Dang,16,0468 179 982,sam.dang49@example.com,first_timer,0,0,English,,event_setup;navigation_wayfinding,First Aid,yes,,S1;S2,S2;S3,"Sat need to leave by 6pm; Sun uni commitment in the morning, free after lunch; has done St John volunteering",,,,standby,Volunteer Hub,0,,yes,,0
V050,Nadia,Thompson,22,0491 216 643,nadia.thompson50@example.com,returning,3,0,English,wwcc;food_safety,radio_comms;first_responder_experience,Crowd Steward,yes,,S2;S3,S1;S2,"Sat uni commitment in the morning, free after lunch; Sun need to leave by 6pm; first festival volunteer, a bit nervous",Lawn Stage,Crowd Steward,S2,on_shift,Lawn Stage,5,5,yes,14:00,2
V051,Aroha,Kaur,28,0418 580 552,aroha.kaur51@example.com,returning,1,0,English;Vietnamese,,crowd_management;radio_comms,Food Court Support,yes,,S1,S1,Sat free until 2pm; Sun free until 2pm,,,,unavailable,Off site,0,,no,,0
V052,Mia,Morgan,22,0483 767 292,mia.morgan52@example.com,returning,5,0,English,rsa;food_safety,event_setup;crowd_management,Any,no,,S2;S3,,"only free Saturday, afternoon and evening only",,,,standby,Off site,0,,no,,0
V053,Noah,White,21,0453 795 712,noah.white53@example.com,first_timer,0,0,English,,navigation_wayfinding,Info Desk,yes,,,S2;S3,"only free Sunday, uni commitment in the morning, free after lunch",,,,unavailable,Off site,0,,no,,0
V054,Bella,Phillips,18,0497 639 195,bella.phillips54@example.com,first_timer,0,0,English;Arabic,first_aid;wwcc,de_escalation;crowd_management;first_responder_experience,Food Court Support,yes,,S1;S2;S3,S1;S2;S3,Sat free from open to close; Sun available whenever you need me,,,,standby,Off site,0,,no,,0
V055,Tane,Yang,20,0498 889 739,tane.yang55@example.com,returning,2,0,English;Punjabi,rsa;wwcc,heavy_lifting;navigation_wayfinding;crowd_management,Crowd Steward,yes,,S3,S1;S2;S3,"Sat work until 5, free after; Sun free all day",Lawn Stage,Crowd Steward,S3,upcoming,Off site,0,,no,,0
V056,Henry,Turner,18,0487 241 993,henry.turner56@example.com,returning,2,1,English,,heavy_lifting;navigation_wayfinding;radio_comms,Crowd Steward,no,S2;S3,S1;S2,,"Fri uni commitment in the morning, free after lunch; Sat need to leave by 6pm",Main Stage,Crowd Steward,S2,on_shift,Main Stage,5,5,yes,14:00,2
V057,Lucas,Cooper,22,0463 154 505,lucas.cooper57@example.com,first_timer,0,0,English;Vietnamese,wwcc,event_setup,Food Court Support,no,,S1;S2,,"only free Saturday, free until 6pm",Food Court,Food Court Support,S1,finished,Off site,0,,no,,0
V058,Zoe,Santos,19,0446 343 408,zoe.santos58@example.com,returning,1,0,English;Italian,wwcc,radio_comms;navigation_wayfinding,Stage Crew,yes,,S1;S2;S3,S1;S2;S3,Sat free all day; Sun free from open to close,Main Stage,Crowd Steward,S3,upcoming,Off site,0,,no,,0
V059,Fatima,Cooper,19,0470 144 750,fatima.cooper59@example.com,first_timer,0,0,English,wwcc,navigation_wayfinding;customer_service;de_escalation,First Aid,yes,S1;S2,S1;S2;S3,S2;S3,"Fri free until 6pm; Sat free from open to close; Sun uni commitment in the morning, free after lunch; on the Melbourne Uni volunteers team",,,,standby,Volunteer Hub,0,,yes,,0
V060,Ruby,Santos,19,0468 137 400,ruby.santos60@example.com,first_timer,0,0,English,first_aid;wwcc,de_escalation;first_responder_experience,First Aid,no,,S1,,"only free Saturday, free until 2pm",,,,unavailable,Off site,0,,no,,0
V061,Jack,Collins,24,0433 608 808,jack.collins61@example.com,first_timer,0,0,English,wwcc,event_setup;customer_service;hospitality,Stage Crew,yes,,S2;S3,S2,"Sat uni commitment in the morning, free after lunch; Sun only free 2 to 6",,,,standby,Off site,0,,no,,0
V062,Zara,Santos,32,0417 176 787,zara.santos62@example.com,first_timer,0,0,English,food_safety,navigation_wayfinding;event_setup,Stage Crew,yes,,S2;S3,S1,"Sat uni commitment in the morning, free after lunch; Sun free until 2pm; first festival volunteer, a bit nervous",,,,standby,Volunteer Hub,0,,yes,,0
V063,Sana,Rossi,21,0460 421 765,sana.rossi63@example.com,first_timer,0,0,English;Indonesian,rsa;wwcc,customer_service;radio_comms;navigation_wayfinding,Crowd Steward,yes,S2;S3,S2;S3,,"Fri uni commitment in the morning, free after lunch; Sat uni commitment in the morning, free after lunch",Lawn Stage,Crowd Steward,S3,upcoming,Off site,0,,no,,0
V064,Marcus,Lopez,40,0450 783 455,marcus.lopez64@example.com,first_timer,0,0,English,first_aid;rsa,event_setup,Any,no,,S3,S1;S2;S3,Sat evenings only; Sun available whenever you need me; has done St John volunteering,,,,unavailable,Off site,0,,no,,0
V065,Charlotte,Papadopoulos,20,0471 638 520,charlotte.papadopoulos65@example.com,returning,2,0,English;Hindi,rsa,de_escalation;heavy_lifting,Water Station,yes,S1;S2,S1;S2,,Fri free until 6pm; Sat need to leave by 6pm,,,,standby,Volunteer Hub,0,,yes,,0
V066,Sienna,Dimitriou,18,0491 664 381,sienna.dimitriou66@example.com,first_timer,0,0,English,rsa,navigation_wayfinding;radio_comms,Water Station,yes,S2,S2;S3,S1;S2;S3,"Fri afternoon only; Sat uni commitment in the morning, free after lunch; Sun free from open to close",Water Station,Water Station,S2;S3,on_shift,Water Station,5,5,yes,14:04,1
V067,Finn,Nguyen,22,0461 404 564,finn.nguyen67@example.com,returning,5,0,English;Mandarin,first_aid,de_escalation;customer_service,First Aid,no,S1;S2;S3,S2;S3,S3,"Fri free from open to close; Sat uni commitment in the morning, free after lunch; Sun work until 5, free after",Medical Tent,First Aid,S2;S3,no_show,Unknown,5,,no,,0
V068,Sofia,Williams,21,0450 294 881,sofia.williams68@example.com,first_timer,0,0,English,rsa,hospitality;radio_comms,Food Court Support,no,S1;S2;S3,S1;S2,S1;S2;S3,Fri available whenever you need me; Sat need to leave by 6pm; Sun available whenever you need me; no heavy lifting please,,,,standby,Volunteer Hub,0,,yes,,0
V069,Harper,Wong,55,0456 146 510,harper.wong69@example.com,first_timer,0,0,English;Arabic,food_safety,navigation_wayfinding;first_responder_experience;crowd_management,Food Court Support,no,S2;S3,S2;S3,S1;S2;S3,"Fri free from 2pm; Sat uni commitment in the morning, free after lunch; Sun free all day",Food Court,Food Court Support,S3,upcoming,Off site,0,,no,,0
V070,Bella,Kaur,20,0452 923 585,bella.kaur70@example.com,first_timer,0,0,English,,radio_comms,First Aid,yes,,S3,S1;S2;S3,"Sat work until 5, free after; Sun available whenever you need me",Main Stage,Crowd Steward,S3,upcoming,Off site,0,,no,,0
V071,Nguyen,Wang,19,0443 771 901,nguyen.wang71@example.com,first_timer,0,0,English,rsa,event_setup;de_escalation;navigation_wayfinding,First Aid,yes,,S2,S2;S3,Sat only free 2 to 6; Sun afternoon and evening only; has done St John volunteering,,,,standby,Volunteer Hub,0,,yes,,0
V072,Penny,Lewis,23,0494 589 638,penny.lewis72@example.com,returning,1,0,English,rsa,radio_comms;heavy_lifting;customer_service,Gate Entry,yes,S1;S2,S1;S2;S3,S2;S3,Fri can do morning and afternoon; Sat free from open to close; Sun afternoon and evening only; no heavy lifting please,Gate B,Gate Entry,S1,finished,Off site,0,,no,,0
V073,Rohan,Park,40,0454 673 914,rohan.park73@example.com,first_timer,0,0,English,,first_responder_experience;heavy_lifting,Any,yes,S3,,,"only free Friday, work until 5, free after; has done St John volunteering",,,,unavailable,Off site,0,,no,,0
V074,Marcus,Murphy,18,0495 643 331,marcus.murphy74@example.com,returning,1,0,English,,event_setup;customer_service,Gate Entry,yes,S1;S2;S3,S1;S2;S3,S3,Fri free from open to close; Sat available whenever you need me; Sun evenings only; has done St John volunteering,Gate B,Gate Entry,S1;S2,on_shift,Gate B,245,191,yes,,88
V075,Kavya,Cooper,18,0414 279 527,kavya.cooper75@example.com,first_timer,0,0,English,food_safety,hospitality;first_responder_experience,Gate Entry,yes,,S2;S3,,"only free Saturday, free from 2pm",Gate B,Gate Entry,S3,upcoming,Off site,0,,no,,0
V076,Imogen,Clarke,55,0452 266 848,imogen.clarke76@example.com,returning,1,1,English,,customer_service;navigation_wayfinding,Gate Entry,no,S1;S2,S2;S3,,Fri free until 6pm; Sat afternoon and evening only,,,,standby,Volunteer Hub,0,,yes,,0
V077,Uma,Martin,23,0411 367 769,uma.martin77@example.com,first_timer,0,0,English,first_aid;wwcc,radio_comms;hospitality,First Aid,no,,S1;S2;S3,S1;S2;S3,Sat available whenever you need me; Sun available whenever you need me; last train is 10:30pm,Medical Tent,First Aid,S2,no_show,Unknown,5,,no,,0
V078,Rafael,Li,18,0456 179 677,rafael.li78@example.com,first_timer,0,0,English;Vietnamese,first_aid,crowd_management;event_setup;first_responder_experience,First Aid,yes,S3,S1,,"Fri work until 5, free after; Sat mornings only",,,,unavailable,Off site,0,,no,,0
V079,Ethan,Dang,24,0410 863 323,ethan.dang79@example.com,first_timer,0,0,English,rsa;food_safety,crowd_management;heavy_lifting;de_escalation,Stage Crew,yes,S2,S2;S3,S1;S2;S3,Fri only free 2 to 6; Sat afternoon and evening only; Sun available whenever you need me,,,,standby,Off site,0,,no,,0
V080,Penny,Dimitriou,18,0454 221 282,penny.dimitriou80@example.com,first_timer,0,0,English;Greek,rsa,first_responder_experience,Crowd Steward,yes,S2;S3,S3,S3,"Fri uni commitment in the morning, free after lunch; Sat free after 6pm; Sun free after 6pm; doing paramedic science",Lawn Stage,Crowd Steward,S3,upcoming,Off site,0,,no,,0
V081,Elise,Smith,21,0418 203 708,elise.smith81@example.com,returning,2,0,English,rsa;wwcc;food_safety,first_responder_experience;hospitality,First Aid,yes,S1;S2;S3,,S1;S2;S3,Fri free from open to close; Sun available whenever you need me,,,,unavailable,Off site,0,,no,,0
V082,Ava,Walker,22,0445 162 670,ava.walker82@example.com,returning,2,0,English,rsa,navigation_wayfinding;heavy_lifting,Gate Entry,yes,,S3,S2;S3,"Sat work until 5, free after; Sun uni commitment in the morning, free after lunch; no heavy lifting please",,,,unavailable,Off site,0,,no,,0
V083,Quinn,Jones,22,0442 308 438,quinn.jones83@example.com,first_timer,0,0,English,,navigation_wayfinding;de_escalation;first_responder_experience,Crowd Steward,yes,S1,S2,S1,Fri free until 2pm; Sat afternoon only; Sun free until 2pm,Riverbank,Crowd Steward,S2,on_shift,Riverbank,5,5,yes,14:01,1
V084,Daniel,Walker,25,0451 894 389,daniel.walker84@example.com,returning,1,0,English,first_aid;wwcc,crowd_management;first_responder_experience,First Aid,yes,S2,S3,S3,"Fri afternoon only; Sat work until 5, free after; Sun free after 6pm",Medical Tent,First Aid,S3,upcoming,Off site,0,,no,,0
V085,Rohan,Watson,21,0441 611 663,rohan.watson85@example.com,first_timer,0,0,English,rsa,first_responder_experience,Gate Entry,yes,S1;S2;S3,S2,S1;S2;S3,"Fri free from open to close; Sat only free 2 to 6; Sun available whenever you need me; first festival volunteer, a bit nervous",,,,standby,Off site,0,,no,,0
V086,Oscar,Martin,23,0490 336 169,oscar.martin86@example.com,first_timer,0,0,English,,radio_comms;navigation_wayfinding,Stage Crew,yes,,S2;S3,S1;S2;S3,Sat free from 2pm; Sun free from open to close; prefers to be with a friend,Main Stage,Stage Crew,S3,upcoming,Off site,0,,no,,0
V087,Hana,Bennett,19,0489 639 358,hana.bennett87@example.com,first_timer,0,0,English,rsa,first_responder_experience;customer_service;navigation_wayfinding,Crowd Steward,yes,S1,S1;S2;S3,S1,Fri free until 2pm; Sat free all day; Sun mornings only,Main Stage,Crowd Steward,S1;S2,on_shift,Main Stage,245,66,yes,,52
V088,Priya,Moore,24,0439 316 988,priya.moore88@example.com,returning,2,0,English,first_aid,event_setup;crowd_management,Water Station,no,S2;S3,S1;S2;S3,S2;S3,"Fri uni commitment in the morning, free after lunch; Sat free from open to close; Sun uni commitment in the morning, free after lunch",Water Station,Water Station,S2;S3,on_shift,Water Station,5,5,yes,14:01,2
V089,Matilda,White,19,0479 439 493,matilda.white89@example.com,first_timer,0,0,English,wwcc,radio_comms,Stage Crew,yes,,S1,S1;S2,Sat mornings only; Sun can do morning and afternoon; has own car,,,,unavailable,Off site,0,,no,,0
V090,Grace,Edwards,21,0458 828 902,grace.edwards90@example.com,returning,2,0,English;Punjabi,rsa,hospitality;de_escalation,Water Station,yes,S2;S3,S1;S2;S3,S1;S2,Fri afternoon and evening only; Sat available whenever you need me; Sun free until 6pm,Bar Zone,Bar Support,S2,on_shift,Bar Zone,5,5,yes,14:02,1
V091,Hana,Singh,20,0441 685 633,hana.singh91@example.com,returning,1,0,English,first_aid;rsa;wwcc,crowd_management;radio_comms;first_responder_experience,Water Station,yes,S1;S2;S3,S2;S3,,Fri available whenever you need me; Sat free from 2pm; happy to be moved anywhere,Bar Zone,Bar Support,S2;S3,on_shift,Bar Zone,5,5,yes,14:02,1
V092,Henry,Sharma,19,0452 550 442,henry.sharma92@example.com,first_timer,0,0,English,rsa;wwcc;food_safety,hospitality;event_setup,Stage Crew,no,S1;S2;S3,S2;S3,S1;S2;S3,Fri available whenever you need me; Sat free from 2pm; Sun available whenever you need me; studying nursing,,,,standby,Off site,0,,no,,0
V093,Thomas,Hall,20,0479 284 798,thomas.hall93@example.com,first_timer,0,0,English,food_safety,de_escalation;event_setup;navigation_wayfinding,Gate Entry,yes,,S1;S2,,"only free Saturday, can do morning and afternoon",,,,standby,Off site,0,,no,,0
V094,Anika,Chen,40,0456 818 931,anika.chen94@example.com,first_timer,0,0,English,,hospitality,Stage Crew,yes,S1;S2;S3,S1;S2,S1;S2,Fri free from open to close; Sat can do morning and afternoon; Sun need to leave by 6pm,Main Stage,Stage Crew,S1;S2,on_shift,Main Stage,245,44,yes,,29
V095,Elise,Edwards,18,0413 594 207,elise.edwards95@example.com,first_timer,0,0,English;Punjabi,wwcc,de_escalation;hospitality;customer_service,Crowd Steward,yes,,S1,S1;S2,Sat free until 2pm; Sun need to leave by 6pm,Main Stage,Crowd Steward,S1,finished,Off site,0,,no,,0
V096,Mei,Taylor,32,0476 278 665,mei.taylor96@example.com,first_timer,0,0,English,first_aid,first_responder_experience;heavy_lifting,Crowd Steward,no,S1,S1;S2;S3,S1,Fri mornings only; Sat available whenever you need me; Sun mornings only,Lawn Stage,Crowd Steward,S1;S2,on_shift,Lawn Stage,245,32,yes,,16
V097,Harper,Phillips,21,0435 568 216,harper.phillips97@example.com,first_timer,0,0,English,rsa;food_safety,hospitality;customer_service;de_escalation,Crowd Steward,yes,,S1,S1,Sat mornings only; Sun mornings only,Riverbank,Crowd Steward,S1,finished,Off site,0,,no,,0
V098,Lucy,Wilson,21,0483 492 533,lucy.wilson98@example.com,returning,2,0,English,,de_escalation;first_responder_experience,Stage Crew,yes,S2;S3,S1;S2;S3,S1;S2;S3,Fri free from 2pm; Sat available whenever you need me; Sun free from open to close; happy to be moved anywhere,,,,standby,Volunteer Hub,0,,yes,,0
V099,Isla,Wilson,22,0463 827 960,isla.wilson99@example.com,first_timer,0,0,English,,event_setup;radio_comms;crowd_management,Stage Crew,yes,S1;S2,S1;S2;S3,,Fri need to leave by 6pm; Sat free from open to close,Main Stage,Stage Crew,S1,finished,Off site,0,,no,,0
V100,Tom,Wilson,19,0423 853 949,tom.wilson100@example.com,returning,1,0,English;Italian,wwcc;food_safety,navigation_wayfinding;event_setup,Gate Entry,no,S2;S3,S1;S2;S3,S3,"Fri afternoon and evening only; Sat free all day; Sun work until 5, free after",Gate A,Gate Entry,S2;S3,on_shift,Gate A,5,5,yes,14:04,2
V101,Leo,Nguyen,25,0431 431 820,leo.nguyen101@example.com,returning,1,1,English,first_aid;rsa;food_safety,heavy_lifting;first_responder_experience,First Aid,yes,,S2;S3,,"only free Saturday, free from 2pm",Medical Tent,First Aid,S2,on_shift,Medical Tent,5,5,yes,14:00,0
V102,Omar,Moore,40,0421 512 627,omar.moore102@example.com,returning,1,0,English,food_safety,customer_service;event_setup;hospitality,Any,yes,S1;S2;S3,S2,S1;S2;S3,Fri free from open to close; Sat only free 2 to 6; Sun free from open to close,,,,standby,Volunteer Hub,0,,yes,,0
V103,Marcus,Santos,21,0426 679 972,marcus.santos103@example.com,returning,1,1,English,,first_responder_experience,Food Court Support,yes,,S3,,"only free Saturday, free after 6pm; last train is 10:30pm",,,,unavailable,Off site,0,,no,,0
V104,Zac,Pham,28,0442 184 480,zac.pham104@example.com,first_timer,0,0,English,rsa,crowd_management,Water Station,yes,S3,S3,,"Fri work until 5, free after; Sat free after 6pm; last train is 10:30pm",Water Station,Water Station,S3,upcoming,Off site,0,,no,,0
V105,Henry,Cooper,20,0423 205 420,henry.cooper105@example.com,first_timer,0,0,English;Cantonese,wwcc,customer_service,Gate Entry,yes,S2;S3,S1,,"Fri uni commitment in the morning, free after lunch; Sat mornings only",Gate B,Gate Entry,S1,finished,Off site,0,,no,,0
V106,Riley,Nguyen,19,0464 422 910,riley.nguyen106@example.com,first_timer,0,0,English,wwcc,crowd_management;customer_service,Stage Crew,yes,S1;S2;S3,S3,S1;S2,Fri free all day; Sat evenings only; Sun free until 6pm; can't stand for very long,,,,unavailable,Off site,0,,no,,0
V107,Grace,Lopez,20,0426 496 981,grace.lopez107@example.com,first_timer,0,0,English,first_aid,event_setup;first_responder_experience,First Aid,no,S2;S3,S2,S1;S2,Fri free from 2pm; Sat only free 2 to 6; Sun need to leave by 6pm,Medical Tent,First Aid,S2,on_shift,Medical Tent,5,5,yes,14:04,0
V108,Matilda,Taylor,20,0449 180 623,matilda.taylor108@example.com,first_timer,0,0,English;Hindi,,crowd_management,Crowd Steward,yes,S2,S2;S3,S1;S2,Fri only free 2 to 6; Sat free from 2pm; Sun need to leave by 6pm,Lawn Stage,Crowd Steward,S3,upcoming,Off site,0,,no,,0
V109,Jasmine,Hughes,21,0430 608 455,jasmine.hughes109@example.com,returning,1,0,English,,event_setup,Crowd Steward,no,S1;S2;S3,S1;S2,S1;S2;S3,Fri free from open to close; Sat need to leave by 6pm; Sun free from open to close; prefers to be with a friend,Main Stage,Crowd Steward,S1;S2,on_shift,Main Stage,245,15,yes,,6
V110,Nguyen,Young,24,0442 891 205,nguyen.young110@example.com,first_timer,0,0,English,rsa;wwcc,crowd_management;customer_service,Crowd Steward,yes,S1;S2;S3,,S2;S3,"Fri free from open to close; Sun uni commitment in the morning, free after lunch; studying nursing",,,,unavailable,Off site,0,,no,,0
V111,Omar,Fraser,19,0416 283 328,omar.fraser111@example.com,returning,1,1,English;Mandarin,rsa,de_escalation;hospitality;crowd_management,Water Station,yes,,S1;S2;S3,S1,Sat available whenever you need me; Sun mornings only,Water Station,Water Station,S1;S2,on_shift,Water Station,245,54,yes,,10
V112,Nguyen,Collins,40,0413 338 654,nguyen.collins112@example.com,first_timer,0,0,English;Hindi,first_aid;wwcc,crowd_management;first_responder_experience,First Aid,no,,S1;S2;S3,S3,"Sat free all day; Sun work until 5, free after",Medical Tent,First Aid,S3,upcoming,Off site,0,,no,,0
V113,Pia,Bennett,40,0422 617 236,pia.bennett113@example.com,returning,5,2,English;Italian,first_aid,heavy_lifting;first_responder_experience,Any,yes,S1;S2;S3,S1;S2;S3,,Fri available whenever you need me; Sat free from open to close,,,,standby,Off site,0,,no,,0
V114,Sam,Dimitriou,22,0425 192 261,sam.dimitriou114@example.com,returning,5,0,English;Cantonese,first_aid;wwcc,hospitality;de_escalation;first_responder_experience,First Aid,yes,,S1;S2;S3,S1;S2;S3,Sat free all day; Sun free from open to close,Medical Tent,First Aid,S1,finished,Off site,0,,no,,0
V115,Mia,Collins,19,0461 481 802,mia.collins115@example.com,returning,2,0,English,rsa,navigation_wayfinding;customer_service;de_escalation,Gate Entry,yes,,S2;S3,S1;S2;S3,Sat free from 2pm; Sun free all day; prefers to be with a friend,,,,standby,Off site,0,,no,,0
V116,Daniel,Mitchell,28,0429 135 728,daniel.mitchell116@example.com,first_timer,0,0,English,first_aid;wwcc,crowd_management;de_escalation;first_responder_experience,First Aid,yes,,S1,S1;S2,Sat free until 2pm; Sun free until 6pm,,,,unavailable,Off site,0,,no,,0
V117,Yuki,Lopez,22,0433 126 426,yuki.lopez117@example.com,returning,2,0,English,food_safety,radio_comms;hospitality;crowd_management,Food Court Support,yes,,S1;S2;S3,S1,Sat available whenever you need me; Sun free until 2pm; studying nursing,Food Court,Food Court Support,S3,upcoming,Off site,0,,no,,0
V118,Reece,Lee,17,0459 463 959,reece.lee118@example.com,first_timer,0,0,English,,navigation_wayfinding;de_escalation;hospitality,Gate Entry,yes,S1;S2;S3,S2;S3,,Fri free from open to close; Sat free from 2pm,,,,standby,Off site,0,,no,,0
V119,Imogen,Jones,19,0453 834 281,imogen.jones119@example.com,returning,2,2,English,wwcc,radio_comms;heavy_lifting,Gate Entry,no,S1;S2;S3,S1;S2;S3,S1;S2;S3,Fri available whenever you need me; Sat free all day; Sun available whenever you need me,Gate A,Gate Entry,S1;S2,on_shift,Gate A,245,169,yes,,55
V120,Noah,Dang,17,0432 824 675,noah.dang120@example.com,returning,5,0,English,,navigation_wayfinding,Any,yes,,S1;S2;S3,S1;S2;S3,Sat free all day; Sun free from open to close,,,,standby,Volunteer Hub,0,,yes,,0
V121,Tia,Roberts,19,0428 439 863,tia.roberts121@example.com,returning,5,0,English,rsa;wwcc,radio_comms;customer_service,Water Station,no,,,S2;S3,"only free Sunday, afternoon and evening only; studying nursing",,,,unavailable,Off site,0,,no,,0
V122,Chloe,Li,20,0458 203 948,chloe.li122@example.com,returning,1,0,English;Hindi,,first_responder_experience;customer_service,Stage Crew,yes,,S1;S2;S3,S1;S2,Sat free all day; Sun can do morning and afternoon,Main Stage,Stage Crew,S2,on_shift,Main Stage,5,5,yes,14:03,4
V123,Yara,Lee,19,0416 203 439,yara.lee123@example.com,first_timer,0,0,English,first_aid;wwcc,crowd_management;first_responder_experience,Crowd Steward,yes,S3,,S3,"Fri free after 6pm; Sun work until 5, free after; doing paramedic science",,,,unavailable,Off site,0,,no,,0
V124,Jasmine,Kaur,20,0431 753 398,jasmine.kaur124@example.com,first_timer,0,0,English;Auslan,,heavy_lifting;crowd_management,Water Station,yes,S1;S2;S3,S1;S2;S3,,Fri free from open to close; Sat free from open to close,Lawn Stage,Crowd Steward,S3,upcoming,Off site,0,,no,,0
V125,Daniel,White,25,0454 927 654,daniel.white125@example.com,first_timer,0,0,English,,navigation_wayfinding,Water Station,yes,S1;S2;S3,S1;S2,S2,Fri free from open to close; Sat free until 6pm; Sun afternoon only,Water Station,Water Station,S1,finished,Off site,0,,no,,0
V126,Sienna,Lewis,21,0431 316 927,sienna.lewis126@example.com,first_timer,0,0,English;Korean,,heavy_lifting;first_responder_experience;radio_comms,Crowd Steward,no,,S2;S3,,"only free Saturday, free from 2pm; would rather not work near loud stages",Riverbank,Crowd Steward,S2,on_shift,Riverbank,5,5,yes,14:01,1
V127,Ivy,Gupta,18,0422 208 676,ivy.gupta127@example.com,first_timer,0,0,English,first_aid;wwcc,event_setup;de_escalation,Crowd Steward,yes,S1;S2,S1;S2;S3,S2,Fri need to leave by 6pm; Sat free from open to close; Sun only free 2 to 6; no heavy lifting please,Riverbank,Crowd Steward,S2,on_shift,Riverbank,5,5,yes,14:01,2
V128,Eleni,Murphy,25,0472 978 812,eleni.murphy128@example.com,returning,1,0,English,wwcc,customer_service;radio_comms;first_responder_experience,Info Desk,yes,S1;S2,S1,S1;S2,Fri can do morning and afternoon; Sat free until 2pm; Sun free until 6pm; last train is 10:30pm,,,,unavailable,Off site,0,,no,,0
V129,Eleni,Lewis,19,0435 957 159,eleni.lewis129@example.com,returning,2,0,English;Greek,,crowd_management;heavy_lifting;first_responder_experience,First Aid,yes,,S2;S3,S1;S2;S3,Sat afternoon and evening only; Sun available whenever you need me; on the Melbourne Uni volunteers team,Riverbank,Crowd Steward,S3,upcoming,Off site,0,,no,,0
V130,Leo,Clarke,21,0483 898 319,leo.clarke130@example.com,returning,1,0,English,wwcc,crowd_management;customer_service;navigation_wayfinding,Stage Crew,yes,,S1;S2,S3,"Sat need to leave by 6pm; Sun work until 5, free after; prefers to be with a friend",Main Stage,Stage Crew,S2,on_shift,Main Stage,5,5,yes,14:00,4
V131,Kai,Lee,22,0468 358 323,kai.lee131@example.com,returning,1,0,English,wwcc,first_responder_experience,Stage Crew,no,S1;S2;S3,S1;S2;S3,,Fri free from open to close; Sat available whenever you need me,Lost Children Point,Lost Children,S3,upcoming,Off site,0,,no,,0
V132,Nguyen,Smith,22,0413 771 609,nguyen.smith132@example.com,first_timer,0,0,English,first_aid,event_setup;crowd_management;first_responder_experience,Stage Crew,yes,S1;S2;S3,S3,S1;S2;S3,Fri free from open to close; Sat evenings only; Sun free all day,,,,unavailable,Off site,0,,no,,0
V133,Mei,Mitchell,28,0481 881 287,mei.mitchell133@example.com,returning,1,0,English,,de_escalation;heavy_lifting,Crowd Steward,no,,S1;S2;S3,S2;S3,Sat free from open to close; Sun free from 2pm; would rather not work near loud stages,Lawn Stage,Crowd Steward,S1,finished,Off site,0,,no,,0
V134,Olivia,Evans,19,0429 240 305,olivia.evans134@example.com,first_timer,0,0,English,,event_setup;navigation_wayfinding,Stage Crew,yes,S2;S3,S2;S3,S1;S2;S3,Fri free from 2pm; Sat afternoon and evening only; Sun available whenever you need me,Riverbank,Crowd Steward,S3,upcoming,Off site,0,,no,,0
V135,Oscar,Tan,55,0471 492 104,oscar.tan135@example.com,returning,8,0,English,wwcc,crowd_management;first_responder_experience,Stage Crew,yes,S1;S2,S1,S1;S2;S3,Fri free until 6pm; Sat mornings only; Sun free from open to close,,,,unavailable,Off site,0,,no,,0
V136,Ava,Zhou,19,0468 845 632,ava.zhou136@example.com,first_timer,0,0,English,rsa;wwcc,customer_service;navigation_wayfinding,Info Desk,no,,S1;S2;S3,S2;S3,Sat free all day; Sun free from 2pm,,,,standby,Off site,0,,no,,0
V137,Reece,Zhang,20,0489 149 708,reece.zhang137@example.com,returning,3,0,English,wwcc,heavy_lifting;radio_comms,Info Desk,no,S1,S1,S1;S2;S3,Fri free until 2pm; Sat mornings only; Sun available whenever you need me,,,,unavailable,Off site,0,,no,,0
V138,Bella,Fernandez,22,0473 303 723,bella.fernandez138@example.com,returning,1,0,English;Indonesian,first_aid,first_responder_experience;radio_comms,First Aid,no,,S1;S2;S3,S1;S2;S3,Sat free all day; Sun free from open to close,Medical Tent,First Aid,S1;S2,on_shift,Medical Tent,245,45,yes,,2
V139,Jack,Mitchell,24,0447 370 575,jack.mitchell139@example.com,returning,1,1,English;Mandarin,food_safety,heavy_lifting;first_responder_experience;radio_comms,Gate Entry,yes,,S1;S2;S3,S2;S3,Sat free from open to close; Sun afternoon and evening only; last train is 10:30pm,Gate B,Gate Entry,S2;S3,on_shift,Gate B,5,5,yes,14:00,3
V140,Bella,Farah,24,0453 287 216,bella.farah140@example.com,first_timer,0,0,English,wwcc,crowd_management;navigation_wayfinding;hospitality,Water Station,yes,,S1;S2;S3,S1;S2,Sat free from open to close; Sun can do morning and afternoon,Water Station,Water Station,S3,upcoming,Off site,0,,no,,0
V141,Sana,Stewart,40,0497 958 844,sana.stewart141@example.com,first_timer,0,0,English,,crowd_management;radio_comms,Food Court Support,yes,,S1;S2,S2,Sat need to leave by 6pm; Sun only free 2 to 6; happy to be moved anywhere,,,,standby,Off site,0,,no,,0
V142,Finn,Williams,32,0474 969 580,finn.williams142@example.com,first_timer,0,0,English,first_aid;wwcc,customer_service;heavy_lifting,First Aid,no,S1,S2;S3,S1;S2,Fri free until 2pm; Sat free from 2pm; Sun need to leave by 6pm,Medical Tent,First Aid,S3,upcoming,Off site,0,,no,,0
V143,Zara,Jackson,18,0410 945 193,zara.jackson143@example.com,first_timer,0,0,English,rsa;food_safety,navigation_wayfinding;hospitality,First Aid,yes,S2,S2,S1;S2;S3,Fri only free 2 to 6; Sat afternoon only; Sun free all day,,,,standby,Volunteer Hub,0,,yes,,0
V144,Shreya,Nguyen,28,0447 660 634,shreya.nguyen144@example.com,first_timer,0,0,English,,heavy_lifting,Food Court Support,no,,S1,S1;S2,"Sat mornings only; Sun need to leave by 6pm; first festival volunteer, a bit nervous",,,,unavailable,Off site,0,,no,,0
V145,Riley,Fernandez,18,0496 702 226,riley.fernandez145@example.com,first_timer,0,0,English,rsa,event_setup,First Aid,yes,,S1;S2,,"only free Saturday, need to leave by 6pm; happy to be moved anywhere",,,,standby,Off site,0,,no,,0
V146,Tran,Wang,22,0459 528 723,tran.wang146@example.com,returning,2,0,English,rsa,navigation_wayfinding,Food Court Support,yes,S3,S2;S3,S1;S2;S3,Fri free after 6pm; Sat afternoon and evening only; Sun free from open to close,Bar Zone,Bar Support,S2,on_shift,Bar Zone,5,5,yes,14:04,1
V147,Leo,Morgan,20,0455 675 591,leo.morgan147@example.com,returning,5,0,English,rsa;food_safety,navigation_wayfinding;de_escalation,Food Court Support,no,S2;S3,S1;S2,S3,"Fri afternoon and evening only; Sat free until 6pm; Sun work until 5, free after",,,,standby,Volunteer Hub,0,,yes,,0
V148,Penny,Taylor,22,0479 133 467,penny.taylor148@example.com,first_timer,0,0,English;Greek,,navigation_wayfinding,Info Desk,yes,,S1,S1;S2;S3,Sat free until 2pm; Sun free all day,,,,unavailable,Off site,0,,no,,0
V149,Tran,Fernandez,22,0466 949 330,tran.fernandez149@example.com,returning,3,0,English,wwcc,heavy_lifting;event_setup;de_escalation,Gate Entry,yes,,,S2;S3,"only free Sunday, free from 2pm",,,,unavailable,Off site,0,,no,,0
V150,Riley,Papadopoulos,23,0451 711 152,riley.papadopoulos150@example.com,returning,2,0,English,wwcc,radio_comms,Crowd Steward,yes,S1;S2;S3,S1;S2;S3,,Fri free all day; Sat available whenever you need me,Lost Children Point,Lost Children,S3,upcoming,Off site,0,,no,,0
V151,Tia,Nguyen,21,0454 556 346,tia.nguyen151@example.com,first_timer,0,0,English,,radio_comms;crowd_management,First Aid,yes,S1;S2,S3,S1;S2;S3,Fri can do morning and afternoon; Sat evenings only; Sun free from open to close,,,,unavailable,Off site,0,,no,,0
V152,Tia,Lopez,40,0478 646 107,tia.lopez152@example.com,returning,2,0,English,,event_setup;navigation_wayfinding;customer_service,Water Station,yes,,S1;S2;S3,,"only free Saturday, free all day; can't stand for very long",Water Station,Water Station,S3,upcoming,Off site,0,,no,,0
V153,Charlotte,Khan,22,0412 498 789,charlotte.khan153@example.com,first_timer,0,0,English,food_safety,crowd_management;radio_comms;customer_service,Stage Crew,yes,S1;S2;S3,S2;S3,S1;S2;S3,"Fri available whenever you need me; Sat uni commitment in the morning, free after lunch; Sun available whenever you need me",Main Stage,Crowd Steward,S3,upcoming,Off site,0,,no,,0
V154,Fatima,Zhou,16,0478 325 239,fatima.zhou154@example.com,first_timer,0,0,English,food_safety,crowd_management,First Aid,yes,S1,S1;S2;S3,,Fri free until 2pm; Sat available whenever you need me,,,,standby,Off site,0,,no,,0
V155,Sam,Papadopoulos,20,0433 787 918,sam.papadopoulos155@example.com,returning,1,0,English;Mandarin,rsa,customer_service;radio_comms,Info Desk,yes,S1;S2;S3,S1,S1;S2;S3,Fri free from open to close; Sat mornings only; Sun free all day; studying nursing,Info Hub,Info Desk,S1,finished,Off site,0,,no,,0
V156,Matilda,Cooper,25,0429 679 680,matilda.cooper156@example.com,returning,1,1,English;Korean,,crowd_management;event_setup,Info Desk,yes,S2;S3,S1;S2;S3,S1;S2;S3,"Fri uni commitment in the morning, free after lunch; Sat available whenever you need me; Sun available whenever you need me",,,,standby,Off site,0,,no,,0
V157,Rafael,Park,40,0490 178 844,rafael.park157@example.com,first_timer,0,0,English,,event_setup;de_escalation;crowd_management,Gate Entry,yes,S1;S2,S2;S3,S2;S3,"Fri free until 6pm; Sat uni commitment in the morning, free after lunch; Sun free from 2pm",,,,standby,Volunteer Hub,0,,yes,,0
V158,Chloe,Brown,25,0475 192 506,chloe.brown158@example.com,returning,8,0,English,,customer_service;event_setup,Crowd Steward,yes,,S1;S2;S3,,"only free Saturday, free from open to close",Main Stage,Crowd Steward,S1;S2,on_shift,Main Stage,245,148,yes,,80
V159,Rafael,Wright,17,0457 339 143,rafael.wright159@example.com,first_timer,0,0,English,,navigation_wayfinding;radio_comms,Gate Entry,yes,,S3,S2;S3,Sat free after 6pm; Sun free from 2pm; would rather not work near loud stages,,,,unavailable,Off site,0,,no,,0
V160,Jasmine,Young,28,0455 936 988,jasmine.young160@example.com,first_timer,0,0,English,food_safety,crowd_management;event_setup,Gate Entry,yes,S1;S2;S3,S1;S2,S2,Fri free from open to close; Sat can do morning and afternoon; Sun only free 2 to 6,Gate A,Gate Entry,S2,on_shift,Gate A,5,5,yes,14:02,2
V161,Pia,Wilson,24,0430 762 953,pia.wilson161@example.com,first_timer,0,0,English;Vietnamese,rsa,crowd_management;event_setup,Any,yes,,S2;S3,S1;S2;S3,Sat free from 2pm; Sun available whenever you need me,,,,standby,Off site,0,,no,,0
V162,Sienna,Brown,19,0431 324 950,sienna.brown162@example.com,first_timer,0,0,English;Vietnamese,wwcc,customer_service;radio_comms,Any,no,S3,S2,S2,Fri evenings only; Sat afternoon only; Sun only free 2 to 6,,,,standby,Volunteer Hub,0,,yes,,0
V163,Sienna,Harris,24,0478 615 870,sienna.harris163@example.com,first_timer,0,0,English;Greek,rsa,first_responder_experience;crowd_management,First Aid,no,S2;S3,,S2,Fri afternoon and evening only; Sun afternoon only; studying nursing,,,,unavailable,Off site,0,,no,,0
V164,Fatima,Evans,21,0420 390 712,fatima.evans164@example.com,returning,1,0,English,,navigation_wayfinding;hospitality;radio_comms,Gate Entry,no,,S1,S2,Sat mornings only; Sun only free 2 to 6; would rather not work near loud stages,Gate A,Gate Entry,S1,finished,Off site,0,,no,,0
V165,Jayden,Tan,19,0436 523 665,jayden.tan165@example.com,first_timer,0,0,English,first_aid;wwcc,hospitality,Info Desk,yes,S1;S2;S3,S1;S2;S3,,Fri available whenever you need me; Sat free from open to close,Info Hub,Info Desk,S2;S3,on_shift,Info Hub,5,5,yes,14:03,0
V166,Liam,Williams,19,0486 545 190,liam.williams166@example.com,returning,5,0,English;Korean,,radio_comms;crowd_management;de_escalation,Crowd Steward,yes,S2,S2;S3,S1;S2;S3,Fri only free 2 to 6; Sat afternoon and evening only; Sun free all day,Lawn Stage,Crowd Steward,S2,on_shift,Lawn Stage,5,5,yes,14:04,2
V167,Charlotte,Mitchell,19,0430 188 382,charlotte.mitchell167@example.com,first_timer,0,0,English,first_aid;rsa,customer_service;radio_comms,First Aid,yes,,S1;S2;S3,S2;S3,Sat free from open to close; Sun afternoon and evening only; no heavy lifting please,Medical Tent,First Aid,S2,on_shift,Medical Tent,5,5,yes,14:00,0
V168,Sana,Roberts,22,0474 401 448,sana.roberts168@example.com,returning,2,1,English,rsa;wwcc,navigation_wayfinding,Water Station,yes,S3,S2;S3,S3,"Fri work until 5, free after; Sat free from 2pm; Sun free after 6pm; on the Melbourne Uni volunteers team",Bar Zone,Bar Support,S3,upcoming,Off site,0,,no,,0
V169,Ethan,Yang,40,0455 628 648,ethan.yang169@example.com,returning,2,0,English,,first_responder_experience;heavy_lifting;hospitality,Food Court Support,yes,,S2;S3,S1;S2,Sat free from 2pm; Sun need to leave by 6pm,Food Court,Food Court Support,S3,upcoming,Off site,0,,no,,0
V170,Amara,Mitchell,19,0489 464 259,amara.mitchell170@example.com,returning,3,0,English,first_aid;food_safety,first_responder_experience;de_escalation,First Aid,no,,S3,S1;S2;S3,"Sat work until 5, free after; Sun free all day",Medical Tent,First Aid,S3,upcoming,Off site,0,,no,,0
V171,Ella,Gill,32,0483 231 155,ella.gill171@example.com,first_timer,0,0,English,,first_responder_experience,Info Desk,yes,,,S1;S2;S3,"only free Sunday, free all day",,,,unavailable,Off site,0,,no,,0
V172,Hugo,Thompson,21,0488 451 474,hugo.thompson172@example.com,first_timer,0,0,English,,first_responder_experience;crowd_management,Gate Entry,yes,,S1;S2;S3,S1;S2;S3,Sat free from open to close; Sun available whenever you need me; last train is 10:30pm,Gate A,Gate Entry,S1;S2,on_shift,Gate A,245,39,yes,,25
V173,Isla,Wong,20,0427 969 745,isla.wong173@example.com,returning,2,0,English,wwcc,radio_comms;navigation_wayfinding;event_setup,Crowd Steward,yes,,S2,S2,Sat afternoon only; Sun only free 2 to 6,,,,standby,Volunteer Hub,0,,yes,,0
V174,Nguyen,Zhou,23,0487 303 690,nguyen.zhou174@example.com,first_timer,0,0,English;Punjabi,,crowd_management;radio_comms;customer_service,Food Court Support,no,,S1;S2;S3,S2;S3,"Sat available whenever you need me; Sun uni commitment in the morning, free after lunch; can't stand for very long",Food Court,Food Court Support,S1;S2,on_shift,Food Court,245,78,yes,,28
V175,Omar,Zhou,19,0444 719 760,omar.zhou175@example.com,returning,1,0,English,,crowd_management;hospitality;event_setup,Food Court Support,yes,S2,S2;S3,S2,"Fri afternoon only; Sat free from 2pm; Sun afternoon only; first festival volunteer, a bit nervous",Food Court,Food Court Support,S3,upcoming,Off site,0,,no,,0
V176,Sam,Moore,28,0477 883 185,sam.moore176@example.com,first_timer,0,0,English,,hospitality;radio_comms;crowd_management,First Aid,no,S1;S2;S3,S1,S1;S2,Fri free all day; Sat mornings only; Sun can do morning and afternoon,,,,unavailable,Off site,0,,no,,0
V177,Ella,Mitchell,22,0432 705 711,ella.mitchell177@example.com,first_timer,0,0,English;Vietnamese,first_aid,first_responder_experience;radio_comms,Crowd Steward,yes,,S1;S2;S3,S3,Sat free from open to close; Sun free after 6pm,Riverbank,Crowd Steward,S1;S2,on_shift,Riverbank,245,67,yes,,18
V178,Uma,Tran,21,0465 917 399,uma.tran178@example.com,first_timer,0,0,English,wwcc,first_responder_experience,Any,yes,S1;S2;S3,S1,S1;S2;S3,Fri free from open to close; Sat mornings only; Sun free from open to close,,,,unavailable,Off site,0,,no,,0
V179,Reece,Lewis,24,0447 213 752,reece.lewis179@example.com,first_timer,0,0,English,rsa,radio_comms;hospitality,Water Station,yes,S2;S3,S2,S1,"Fri uni commitment in the morning, free after lunch; Sat only free 2 to 6; Sun free until 2pm",,,,standby,Off site,0,,no,,0
V180,Uma,Walker,19,0414 438 182,uma.walker180@example.com,first_timer,0,0,English,rsa;wwcc;food_safety,radio_comms,Any,yes,S1;S2,S1;S2;S3,S1;S2;S3,Fri can do morning and afternoon; Sat available whenever you need me; Sun available whenever you need me,,,,standby,Off site,0,,no,,0
V181,Hamish,Dang,19,0497 419 430,hamish.dang181@example.com,first_timer,0,0,English;Korean,wwcc,hospitality;customer_service,Gate Entry,yes,,S1,S1;S2,Sat mornings only; Sun need to leave by 6pm,Gate B,Gate Entry,S1,finished,Off site,0,,no,,0
V182,Harper,Collins,23,0421 354 261,harper.collins182@example.com,first_timer,0,0,English,rsa,customer_service;heavy_lifting,Crowd Steward,yes,S1;S2;S3,S2;S3,S1;S2;S3,Fri free all day; Sat afternoon and evening only; Sun free from open to close,Lawn Stage,Crowd Steward,S3,upcoming,Off site,0,,no,,0
V183,Zara,Evans,22,0427 356 140,zara.evans183@example.com,first_timer,0,0,English;Hindi,food_safety,radio_comms;crowd_management,Stage Crew,yes,,S1;S2,,"only free Saturday, need to leave by 6pm; has done St John volunteering",,,,standby,Off site,0,,no,,0
V184,Zac,Turner,21,0440 428 838,zac.turner184@example.com,returning,1,1,English,,first_responder_experience;event_setup,Food Court Support,no,S2;S3,S2,S1;S2,Fri afternoon and evening only; Sat only free 2 to 6; Sun need to leave by 6pm; prefers to be with a friend,Food Court,Food Court Support,S2,on_shift,Food Court,5,5,yes,14:04,1
V185,Charlotte,Zhou,24,0492 956 497,charlotte.zhou185@example.com,first_timer,0,0,English,food_safety,de_escalation;hospitality,Water Station,yes,S1;S2;S3,S1;S2;S3,,Fri free all day; Sat free all day,Water Station,Water Station,S3,upcoming,Off site,0,,no,,0
V186,Zac,Zhang,22,0419 954 411,zac.zhang186@example.com,returning,3,0,English,rsa;wwcc,heavy_lifting,Info Desk,yes,S2;S3,S1,,"Fri uni commitment in the morning, free after lunch; Sat mornings only",Lost Children Point,Lost Children,S1,finished,Off site,0,,no,,0
V187,Chloe,Kim,40,0486 553 460,chloe.kim187@example.com,returning,1,0,English,first_aid;food_safety,radio_comms;hospitality,Food Court Support,yes,,S1;S2;S3,,"only free Saturday, free from open to close",Food Court,Food Court Support,S2,on_shift,Food Court,5,5,yes,14:02,2
V188,Nadia,Patel,25,0438 319 976,nadia.patel188@example.com,returning,1,0,English,,navigation_wayfinding;heavy_lifting,Info Desk,yes,S1;S2,,S1;S2;S3,Fri can do morning and afternoon; Sun free from open to close; no heavy lifting please,,,,unavailable,Off site,0,,no,,0
V189,Nadia,Brown,23,0498 819 690,nadia.brown189@example.com,first_timer,0,0,English,,crowd_management;customer_service,Any,yes,S3,S1;S2;S3,S2;S3,"Fri work until 5, free after; Sat free all day; Sun afternoon and evening only; first festival volunteer, a bit nervous",,,,standby,Volunteer Hub,0,,yes,,0
V190,Eleni,Nguyen,18,0429 434 614,eleni.nguyen190@example.com,returning,3,1,English,,de_escalation;hospitality,Food Court Support,yes,S2;S3,S1;S2;S3,,"Fri uni commitment in the morning, free after lunch; Sat free all day; prefers to be with a friend",Riverbank,Crowd Steward,S3,upcoming,Off site,0,,no,,0
V191,Kai,Hughes,18,0472 504 767,kai.hughes191@example.com,returning,2,0,English,,heavy_lifting,Any,yes,S1;S2,S2;S3,S1;S2,Fri can do morning and afternoon; Sat afternoon and evening only; Sun free until 6pm,,,,standby,Off site,0,,no,,0
V192,Omar,Kelly,21,0457 259 875,omar.kelly192@example.com,first_timer,0,0,English,wwcc,de_escalation;crowd_management;customer_service,Gate Entry,yes,S1;S2;S3,S1;S2;S3,S3,"Fri free from open to close; Sat available whenever you need me; Sun work until 5, free after; prefers to be with a friend",Gate B,Gate Entry,S1;S2,on_shift,Gate B,245,41,yes,,28
V193,Daniel,Fraser,23,0495 118 485,daniel.fraser193@example.com,first_timer,0,0,English,wwcc,customer_service;de_escalation,Crowd Steward,yes,S1;S2;S3,S2;S3,S2;S3,"Fri available whenever you need me; Sat afternoon and evening only; Sun uni commitment in the morning, free after lunch",Lawn Stage,Crowd Steward,S2,on_shift,Lawn Stage,5,5,yes,14:03,3
V194,Penny,Zhang,18,0458 620 826,penny.zhang194@example.com,first_timer,0,0,English,rsa,first_responder_experience,Stage Crew,yes,S1;S2;S3,S2;S3,,"Fri free all day; Sat uni commitment in the morning, free after lunch",,,,standby,Off site,0,,no,,0
V195,Eleni,Park,21,0445 330 255,eleni.park195@example.com,first_timer,0,0,English;Spanish,rsa;wwcc,customer_service,First Aid,yes,S1,S1,S1;S2;S3,Fri free until 2pm; Sat mornings only; Sun free from open to close; happy to be moved anywhere,,,,unavailable,Off site,0,,no,,0
V196,Oscar,Smith,22,0427 540 888,oscar.smith196@example.com,first_timer,0,0,English,first_aid,hospitality;heavy_lifting;first_responder_experience,Info Desk,no,,S1;S2;S3,S2;S3,Sat free from open to close; Sun free from 2pm,,,,standby,Off site,0,,no,,0
V197,Hamish,Ibrahim,20,0413 880 726,hamish.ibrahim197@example.com,first_timer,0,0,English,wwcc,customer_service;de_escalation,Water Station,yes,S1;S2,,,"only free Friday, need to leave by 6pm; has own car",,,,unavailable,Off site,0,,no,,0
V198,Tia,Moore,22,0462 327 860,tia.moore198@example.com,first_timer,0,0,English;Auslan,wwcc;food_safety,first_responder_experience,First Aid,no,,S1;S2,S1;S2;S3,Sat free until 6pm; Sun free all day,,,,standby,Volunteer Hub,0,,yes,,0
V199,Jack,Khan,18,0467 567 946,jack.khan199@example.com,returning,2,0,English,,first_responder_experience;heavy_lifting,First Aid,yes,,S1;S2,,"only free Saturday, need to leave by 6pm",,,,standby,Off site,0,,no,,0
V200,Ben,Lopez,21,0484 812 659,ben.lopez200@example.com,first_timer,0,0,English,,heavy_lifting,Water Station,yes,S2,S1;S2,S1;S2;S3,Fri afternoon only; Sat can do morning and afternoon; Sun free from open to close,Water Station,Water Station,S2,on_shift,Water Station,5,5,yes,14:00,1
V201,Grace,Smith,20,0452 679 992,grace.smith201@example.com,returning,1,0,English;Korean,rsa,first_responder_experience;crowd_management,First Aid,no,S1,S1,S1;S2;S3,Fri free until 2pm; Sat mornings only; Sun available whenever you need me,,,,unavailable,Off site,0,,no,,0
V202,Hana,Ibrahim,25,0466 181 715,hana.ibrahim202@example.com,returning,5,0,English,,event_setup;radio_comms;customer_service,Any,yes,,S2;S3,S2,Sat afternoon and evening only; Sun only free 2 to 6; studying nursing,,,,standby,Volunteer Hub,0,,yes,,0
V203,Reece,Anderson,19,0484 468 136,reece.anderson203@example.com,first_timer,0,0,English;Indonesian,,radio_comms,Crowd Steward,no,S1;S2;S3,S2;S3,S1;S2;S3,"Fri free all day; Sat uni commitment in the morning, free after lunch; Sun free all day; last train is 10:30pm",Lawn Stage,Crowd Steward,S2,on_shift,Lawn Stage,5,5,yes,14:00,4
V204,Dev,Nguyen,20,0498 719 907,dev.nguyen204@example.com,first_timer,0,0,English,,event_setup,Water Station,yes,,S1;S2,S1;S2;S3,Sat free until 6pm; Sun free all day,Water Station,Water Station,S2,on_shift,Water Station,5,5,yes,14:02,2
V205,Maya,Thompson,22,0463 523 146,maya.thompson205@example.com,first_timer,0,0,English,,first_responder_experience;navigation_wayfinding,Gate Entry,no,,S3,S1;S2;S3,"Sat work until 5, free after; Sun free all day",Gate B,Gate Entry,S3,upcoming,Off site,0,,no,,0
V206,Olivia,Reid,21,0414 761 239,olivia.reid206@example.com,first_timer,0,0,English,rsa;wwcc,event_setup,Any,no,,S1;S2;S3,S2;S3,"Sat free all day; Sun free from 2pm; first festival volunteer, a bit nervous",,,,standby,Volunteer Hub,0,,yes,,0
V207,Yara,Hughes,22,0453 484 741,yara.hughes207@example.com,first_timer,0,0,English,wwcc,customer_service;event_setup;first_responder_experience,Info Desk,no,S1;S2;S3,S2,,Fri available whenever you need me; Sat afternoon only,,,,standby,Off site,0,,no,,0
V208,Elise,Jackson,22,0466 618 125,elise.jackson208@example.com,first_timer,0,0,English,,customer_service;event_setup,Gate Entry,no,S1;S2,,S1;S2;S3,Fri free until 6pm; Sun available whenever you need me,,,,unavailable,Off site,0,,no,,0
V209,Yara,Wright,19,0494 863 419,yara.wright209@example.com,returning,5,0,English,,radio_comms;crowd_management,First Aid,yes,S1,S1,S1;S2;S3,Fri mornings only; Sat mornings only; Sun available whenever you need me,,,,unavailable,Off site,0,,no,,0
V210,Ananya,O'Brien,22,0449 727 446,ananya.obrien210@example.com,first_timer,0,0,English;Cantonese,rsa;wwcc,crowd_management;event_setup;navigation_wayfinding,Gate Entry,yes,,S1;S2;S3,S1;S2;S3,Sat free all day; Sun free from open to close,Gate A,Gate Entry,S1,finished,Off site,0,,no,,0
V211,Jayden,Turner,18,0499 579 199,jayden.turner211@example.com,returning,3,0,English,first_aid;wwcc,hospitality;first_responder_experience,First Aid,no,,S1;S2,S1;S2;S3,Sat need to leave by 6pm; Sun free from open to close; would rather not work near loud stages,Medical Tent,First Aid,S1,finished,Off site,0,,no,,0
V212,Uma,O'Brien,22,0487 688 230,uma.obrien212@example.com,first_timer,0,0,English;Indonesian,wwcc,de_escalation;hospitality,Info Desk,no,,S2;S3,S1;S2;S3,"Sat uni commitment in the morning, free after lunch; Sun available whenever you need me",,,,standby,Volunteer Hub,0,,yes,,0
V213,Aroha,Fernandez,20,0453 657 810,aroha.fernandez213@example.com,first_timer,0,0,English,rsa;food_safety,navigation_wayfinding;first_responder_experience,Stage Crew,yes,,S3,S1;S2,"Sat work until 5, free after; Sun need to leave by 6pm",Main Stage,Crowd Steward,S3,upcoming,Off site,0,,no,,0
V214,Layla,Jones,22,0484 873 751,layla.jones214@example.com,first_timer,0,0,English,first_aid,de_escalation;crowd_management;hospitality;first_responder_experience,First Aid,no,,S2;S3,,"only free Saturday, uni commitment in the morning, free after lunch",Medical Tent,First Aid,S3,upcoming,Off site,0,,no,,0
V215,Aiden,Harris,22,0447 163 478,aiden.harris215@example.com,returning,3,0,English,rsa,de_escalation;event_setup,Stage Crew,no,,S3,S1;S2;S3,Sat evenings only; Sun free from open to close,Bar Zone,Bar Support,S3,upcoming,Off site,0,,no,,0
V216,Anika,Cooper,16,0481 493 963,anika.cooper216@example.com,first_timer,0,0,English,,event_setup,Any,yes,,S1;S2;S3,S1;S2,Sat free from open to close; Sun free until 6pm,,,,standby,Off site,0,,no,,0
V217,Rafael,Taylor,19,0480 939 560,rafael.taylor217@example.com,first_timer,0,0,English,wwcc;food_safety,radio_comms,Any,yes,S3,S2;S3,S1;S2,"Fri work until 5, free after; Sat afternoon and evening only; Sun can do morning and afternoon",,,,standby,Off site,0,,no,,0
V218,Ruby,Roberts,19,0490 859 779,ruby.roberts218@example.com,returning,1,0,English;Mandarin,rsa,hospitality;de_escalation,Water Station,yes,S2;S3,S1;S2;S3,S3,"Fri uni commitment in the morning, free after lunch; Sat available whenever you need me; Sun work until 5, free after; studying nursing",Water Station,Water Station,S1,finished,Off site,0,,no,,0
V219,Chloe,Papadopoulos,24,0470 692 273,chloe.papadopoulos219@example.com,first_timer,0,0,English,rsa;wwcc,first_responder_experience;navigation_wayfinding;event_setup,Info Desk,yes,,S1;S2;S3,S3,Sat free from open to close; Sun free after 6pm,,,,standby,Volunteer Hub,0,,yes,,0
V220,Omar,Cooper,22,0443 901 817,omar.cooper220@example.com,first_timer,0,0,English,wwcc,navigation_wayfinding;crowd_management,Food Court Support,no,S1;S2;S3,S1;S2;S3,S1;S2;S3,Fri free from open to close; Sat free from open to close; Sun free all day,Food Court,Food Court Support,S1,finished,Off site,0,,no,,0
V221,Layla,Wilson,19,0478 339 488,layla.wilson221@example.com,first_timer,0,0,English,rsa,first_responder_experience;hospitality,Any,yes,S2;S3,S1,S2;S3,Fri free from 2pm; Sat mornings only; Sun free from 2pm,,,,unavailable,Off site,0,,no,,0
V222,Ruby,White,19,0485 888 299,ruby.white222@example.com,returning,1,1,English,wwcc,de_escalation;customer_service;first_responder_experience,Gate Entry,no,S3,S1;S2;S3,S1;S2;S3,"Fri work until 5, free after; Sat free from open to close; Sun available whenever you need me",Gate B,Gate Entry,S2,on_shift,Gate B,5,5,yes,14:03,3
V223,Nguyen,Pham,22,0491 224 825,nguyen.pham223@example.com,first_timer,0,0,English,wwcc;food_safety,customer_service,Gate Entry,no,,S1,S1;S2;S3,Sat mornings only; Sun free all day,,,,unavailable,Off site,0,,no,,0
V224,Shreya,Gupta,20,0417 364 932,shreya.gupta224@example.com,returning,1,0,English;Italian,food_safety,radio_comms,Stage Crew,yes,S3,S1,S1,Fri free after 6pm; Sat mornings only; Sun mornings only; prefers to be with a friend,,,,unavailable,Off site,0,,no,,0
V225,Lucy,Jones,21,0412 609 252,lucy.jones225@example.com,first_timer,0,0,English,food_safety,crowd_management;radio_comms;event_setup,Info Desk,no,,,S1;S2;S3,"only free Sunday, free all day; has done St John volunteering",,,,unavailable,Off site,0,,no,,0
V226,Aiden,Clarke,22,0448 510 156,aiden.clarke226@example.com,returning,2,0,English,,first_responder_experience;hospitality;heavy_lifting,Food Court Support,yes,S1;S2;S3,,,"only free Friday, available whenever you need me; on the Melbourne Uni volunteers team",,,,unavailable,Off site,0,,no,,0
V227,Dev,Rossi,21,0485 344 600,dev.rossi227@example.com,returning,1,0,English,rsa,radio_comms;customer_service,Gate Entry,yes,S1;S2;S3,S2;S3,,Fri available whenever you need me; Sat afternoon and evening only; prefers to be with a friend,Gate A,Gate Entry,S3,upcoming,Off site,0,,no,,0
V228,Ruby,Davies,24,0414 853 244,ruby.davies228@example.com,first_timer,0,0,English,,customer_service,Gate Entry,no,,S1;S2;S3,S2;S3,Sat free from open to close; Sun afternoon and evening only; studying nursing,Gate A,Gate Entry,S1,finished,Off site,0,,no,,0
V229,Zac,Brown,21,0435 536 445,zac.brown229@example.com,first_timer,0,0,English,rsa;food_safety,customer_service;event_setup,Gate Entry,yes,,S1;S2;S3,,"only free Saturday, free all day",Gate A,Gate Entry,S1,finished,Off site,0,,no,,0
V230,Sana,Patel,18,0412 598 182,sana.patel230@example.com,first_timer,0,0,English,wwcc,customer_service;radio_comms,Stage Crew,no,S1;S2,S2;S3,S3,Fri free until 6pm; Sat free from 2pm; Sun evenings only,Main Stage,Crowd Steward,S3,upcoming,Off site,0,,no,,0
V231,Aiden,Anderson,19,0440 296 220,aiden.anderson231@example.com,first_timer,0,0,English,first_aid,radio_comms;heavy_lifting;crowd_management,First Aid,yes,,S1;S2;S3,S2;S3,Sat free all day; Sun afternoon and evening only,Medical Tent,First Aid,S3,upcoming,Off site,0,,no,,0
V232,Hugo,Farah,22,0416 650 280,hugo.farah232@example.com,returning,1,1,English;Vietnamese,,event_setup;customer_service,Any,yes,S1;S2;S3,S1;S2;S3,S1;S2;S3,Fri available whenever you need me; Sat available whenever you need me; Sun available whenever you need me,,,,standby,Volunteer Hub,0,,yes,,0
V233,Harper,Chen,21,0468 282 496,harper.chen233@example.com,first_timer,0,0,English,first_aid,hospitality;heavy_lifting,First Aid,no,S1;S2;S3,S1;S2,S3,"Fri free all day; Sat can do morning and afternoon; Sun work until 5, free after",Medical Tent,First Aid,S1;S2,on_shift,Medical Tent,245,136,yes,,8
V234,Riley,Hall,21,0476 600 982,riley.hall234@example.com,first_timer,0,0,English,wwcc,customer_service,Gate Entry,yes,S1;S2,S1;S2;S3,S1;S2;S3,Fri need to leave by 6pm; Sat free from open to close; Sun free all day,Gate A,Gate Entry,S1,finished,Off site,0,,no,,0
V235,Jin,White,24,0499 941 200,jin.white235@example.com,returning,1,0,English,,hospitality;heavy_lifting,Stage Crew,yes,,S3,S1;S2,"Sat work until 5, free after; Sun free until 6pm",Main Stage,Stage Crew,S3,upcoming,Off site,0,,no,,0
V236,Tran,Wong,19,0457 741 575,tran.wong236@example.com,first_timer,0,0,English;Cantonese,rsa,de_escalation;event_setup,Stage Crew,yes,,S1;S2,S2;S3,"Sat can do morning and afternoon; Sun uni commitment in the morning, free after lunch",,,,standby,Volunteer Hub,0,,yes,,0
V237,Aiden,Dimitriou,20,0418 674 826,aiden.dimitriou237@example.com,first_timer,0,0,English,wwcc,crowd_management;de_escalation,Crowd Steward,yes,,S3,S1;S2,"Sat work until 5, free after; Sun free until 6pm",Lawn Stage,Crowd Steward,S3,upcoming,Off site,0,,no,,0
V238,Jasmine,Hall,55,0457 919 789,jasmine.hall238@example.com,first_timer,0,0,English,rsa,heavy_lifting;de_escalation,Info Desk,yes,,S1;S2;S3,S2;S3,Sat free from open to close; Sun free from 2pm,,,,standby,Off site,0,,no,,0
V239,Charlotte,Kaur,28,0492 121 398,charlotte.kaur239@example.com,returning,1,0,English;Cantonese,rsa,crowd_management,Stage Crew,yes,,S2;S3,S3,Sat afternoon and evening only; Sun evenings only,Main Stage,Stage Crew,S3,upcoming,Off site,0,,no,,0
V240,Ivy,Davies,17,0446 888 965,ivy.davies240@example.com,returning,2,0,English,,hospitality;de_escalation,Gate Entry,yes,,S2;S3,S2;S3,"Sat uni commitment in the morning, free after lunch; Sun free from 2pm",,,,standby,Off site,0,,no,,0
V241,Bella,Harris,20,0428 481 559,bella.harris241@example.com,returning,1,0,English,rsa,radio_comms;navigation_wayfinding,Food Court Support,no,S1;S2;S3,S1;S2;S3,S1;S2;S3,Fri free all day; Sat free all day; Sun free from open to close,Riverbank,Crowd Steward,S3,upcoming,Off site,0,,no,,0
V242,Jayden,Ibrahim,21,0424 849 590,jayden.ibrahim242@example.com,first_timer,0,0,English,rsa,de_escalation;radio_comms;customer_service,Any,yes,S2;S3,S3,,"Fri afternoon and evening only; Sat work until 5, free after; studying nursing",,,,unavailable,Off site,0,,no,,0
V243,Ben,Hall,22,0487 623 157,ben.hall243@example.com,returning,1,0,English,first_aid;rsa,crowd_management;de_escalation;first_responder_experience,First Aid,yes,,S1;S2;S3,S1;S2,Sat free from open to close; Sun free until 6pm,Medical Tent,First Aid,S1,finished,Off site,0,,no,,0
V244,Rafael,Smith,19,0463 242 955,rafael.smith244@example.com,first_timer,0,0,English,wwcc,event_setup;first_responder_experience,Stage Crew,no,,S3,,"only free Saturday, free after 6pm; has done St John volunteering",Riverbank,Crowd Steward,S3,upcoming,Off site,0,,no,,0
V245,Quinn,Evans,19,0469 329 127,quinn.evans245@example.com,first_timer,0,0,English,,crowd_management;customer_service;heavy_lifting,Info Desk,yes,S1;S2,S3,S2,"Fri can do morning and afternoon; Sat work until 5, free after; Sun only free 2 to 6; last train is 10:30pm",Main Stage,Crowd Steward,S3,upcoming,Off site,0,,no,,0
V246,Aiden,Hughes,19,0470 810 937,aiden.hughes246@example.com,returning,1,0,English,,hospitality;radio_comms,Info Desk,yes,S1;S2;S3,,S1,Fri free from open to close; Sun free until 2pm,,,,unavailable,Off site,0,,no,,0
V247,Fatima,Santos,21,0486 870 271,fatima.santos247@example.com,first_timer,0,0,English,wwcc;food_safety,first_responder_experience;radio_comms,Crowd Steward,no,S2;S3,,S1;S2;S3,Fri afternoon and evening only; Sun free all day,,,,unavailable,Off site,0,,no,,0
V248,Jayden,Patel,25,0481 728 806,jayden.patel248@example.com,first_timer,0,0,English,wwcc,crowd_management;de_escalation,Gate Entry,no,S1;S2,S1;S2,,Fri free until 6pm; Sat free until 6pm; has own car,,,,standby,Off site,0,,no,,0
V249,Hugo,Zhou,23,0498 245 804,hugo.zhou249@example.com,first_timer,0,0,English,,radio_comms,Gate Entry,yes,S1;S2,S3,S1,Fri can do morning and afternoon; Sat evenings only; Sun free until 2pm; can't stand for very long,,,,unavailable,Off site,0,,no,,0
V250,Kavya,O'Brien,18,0436 701 304,kavya.obrien250@example.com,returning,2,0,English,rsa,customer_service,Water Station,no,S2,S1;S2;S3,S1;S2;S3,Fri afternoon only; Sat available whenever you need me; Sun free from open to close; can't stand for very long,Bar Zone,Bar Support,S3,upcoming,Off site,0,,no,,0
V251,Isla,Reid,17,0474 971 824,isla.reid251@example.com,returning,2,0,English;Spanish,,de_escalation;navigation_wayfinding,Water Station,no,S1;S2;S3,S1,S1,Fri available whenever you need me; Sat mornings only; Sun mornings only,,,,unavailable,Off site,0,,no,,0
V252,Will,Rossi,23,0449 803 961,will.rossi252@example.com,returning,2,0,English;Cantonese,wwcc,hospitality;heavy_lifting;event_setup,Any,yes,S2;S3,S1;S2,S1,Fri free from 2pm; Sat can do morning and afternoon; Sun free until 2pm; last train is 10:30pm,Lost Children Point,Lost Children,S2,on_shift,Lost Children Point,5,5,yes,14:01,0
V253,Tom,Lee,21,0435 446 305,tom.lee253@example.com,first_timer,0,0,English,wwcc;food_safety,de_escalation;radio_comms;customer_service,Crowd Steward,yes,S1;S2,S1;S2;S3,S1;S2,Fri need to leave by 6pm; Sat free all day; Sun need to leave by 6pm,Main Stage,Crowd Steward,S2;S3,on_shift,Main Stage,5,5,yes,14:04,3
V254,Reece,Stewart,18,0413 283 491,reece.stewart254@example.com,returning,1,0,English,wwcc,hospitality;de_escalation,Water Station,yes,S1;S2;S3,S1;S2;S3,S2;S3,Fri free from open to close; Sat free all day; Sun free from 2pm; prefers to be with a friend,Water Station,Water Station,S1;S2,on_shift,Water Station,245,21,yes,,7
V255,Shreya,Patel,19,0450 973 485,shreya.patel255@example.com,first_timer,0,0,English,rsa;wwcc,first_responder_experience;heavy_lifting;radio_comms,Water Station,yes,S1;S2,S2;S3,,"Fri free until 6pm; Sat uni commitment in the morning, free after lunch",Water Station,Water Station,S3,upcoming,Off site,0,,no,,0
V256,Tom,Wang,18,0460 369 606,tom.wang256@example.com,first_timer,0,0,English;Korean,,first_responder_experience;hospitality,Crowd Steward,yes,,S2;S3,S2;S3,"Sat uni commitment in the morning, free after lunch; Sun uni commitment in the morning, free after lunch",Main Stage,Crowd Steward,S2;S3,on_shift,Main Stage,5,5,yes,14:03,3
V257,Quinn,Sharma,22,0441 340 763,quinn.sharma257@example.com,first_timer,0,0,English,wwcc;food_safety,radio_comms,First Aid,yes,,S3,S1;S2;S3,Sat free after 6pm; Sun available whenever you need me,,,,unavailable,Off site,0,,no,,0
V258,Mohammed,Edwards,28,0453 608 614,mohammed.edwards258@example.com,first_timer,0,0,English,first_aid;wwcc;food_safety,customer_service;first_responder_experience,First Aid,yes,S1;S2,S1;S2,S1;S2;S3,Fri need to leave by 6pm; Sat can do morning and afternoon; Sun available whenever you need me,Medical Tent,First Aid,S2,on_shift,Medical Tent,5,5,yes,14:02,0
V259,Oscar,Jackson,22,0477 586 537,oscar.jackson259@example.com,first_timer,0,0,English;Punjabi,,navigation_wayfinding,Info Desk,yes,,S1;S2;S3,S1;S2;S3,Sat free from open to close; Sun free all day,,,,standby,Off site,0,,no,,0
V260,Jasmine,Reid,24,0491 645 928,jasmine.reid260@example.com,returning,1,0,English,,heavy_lifting;hospitality,Any,yes,,S1;S2;S3,S2,Sat free from open to close; Sun only free 2 to 6; has done St John volunteering,Riverbank,Crowd Steward,S3,upcoming,Off site,0,,no,,0
V261,Tia,Tran,32,0486 341 515,tia.tran261@example.com,first_timer,0,0,English,rsa;wwcc,radio_comms;event_setup,Crowd Steward,yes,,,S2,"only free Sunday, only free 2 to 6",,,,unavailable,Off site,0,,no,,0
V262,Layla,Fraser,19,0456 787 773,layla.fraser262@example.com,returning,2,0,English;Punjabi,first_aid;wwcc,hospitality;customer_service;crowd_management;first_responder_experience,Water Station,yes,,S1;S2;S3,S2,Sat free all day; Sun afternoon only; last train is 10:30pm,Water Station,Water Station,S1;S2,on_shift,Water Station,245,144,yes,,52
V263,Dev,Smith,32,0440 533 323,dev.smith263@example.com,returning,1,0,English,rsa;wwcc,navigation_wayfinding,Stage Crew,no,S2;S3,S2;S3,,"Fri uni commitment in the morning, free after lunch; Sat uni commitment in the morning, free after lunch",Bar Zone,Bar Support,S3,upcoming,Off site,0,,no,,0
V264,Hamish,Fernandez,19,0412 760 720,hamish.fernandez264@example.com,first_timer,0,0,English,wwcc,navigation_wayfinding;de_escalation;first_responder_experience,Food Court Support,no,S1,,,"only free Friday, mornings only",,,,unavailable,Off site,0,,no,,0
V265,Ava,Cooper,23,0492 516 908,ava.cooper265@example.com,first_timer,0,0,English,rsa,crowd_management;heavy_lifting,Any,yes,,S3,S1;S2;S3,Sat evenings only; Sun available whenever you need me; no heavy lifting please,,,,unavailable,Off site,0,,no,,0
V266,Ava,Morgan,25,0435 743 412,ava.morgan266@example.com,returning,1,0,English,,hospitality;crowd_management,Crowd Steward,yes,S2;S3,S1,S1;S2;S3,Fri free from 2pm; Sat mornings only; Sun free from open to close,Riverbank,Crowd Steward,S1,finished,Off site,0,,no,,0
V267,Nadia,Edwards,18,0469 303 368,nadia.edwards267@example.com,returning,3,0,English,,hospitality;de_escalation,Gate Entry,no,S2;S3,S1;S2;S3,S1;S2,"Fri uni commitment in the morning, free after lunch; Sat available whenever you need me; Sun need to leave by 6pm; prefers to be with a friend",Gate A,Gate Entry,S1;S2,on_shift,Gate A,245,128,yes,,70
V268,Sana,Thompson,22,0436 714 320,sana.thompson268@example.com,returning,3,0,English,wwcc,navigation_wayfinding,Stage Crew,yes,,S1,S2,Sat free until 2pm; Sun only free 2 to 6,,,,unavailable,Off site,0,,no,,0
V269,Maya,Kaur,20,0440 582 462,maya.kaur269@example.com,first_timer,0,0,English,rsa;wwcc,heavy_lifting;de_escalation;event_setup,First Aid,yes,S1;S2;S3,S1,S1,Fri free from open to close; Sat free until 2pm; Sun free until 2pm; on the Melbourne Uni volunteers team,,,,unavailable,Off site,0,,no,,0
V270,Shreya,Collins,16,0445 865 469,shreya.collins270@example.com,first_timer,0,0,English;Vietnamese,,de_escalation;radio_comms;event_setup,Any,no,S3,S1;S2;S3,S2;S3,Fri evenings only; Sat available whenever you need me; Sun free from 2pm; no heavy lifting please,,,,standby,Volunteer Hub,0,,yes,,0
V271,Thomas,Murphy,28,0465 218 606,thomas.murphy271@example.com,returning,2,0,English,,radio_comms;de_escalation;first_responder_experience,Crowd Steward,no,,S2,S1;S2;S3,Sat afternoon only; Sun free all day; last train is 10:30pm,Riverbank,Crowd Steward,S2,on_shift,Riverbank,5,5,yes,14:02,1
V272,Ben,Turner,20,0496 196 436,ben.turner272@example.com,first_timer,0,0,English;Punjabi,,crowd_management;de_escalation,Gate Entry,no,S2;S3,S3,S2;S3,"Fri free from 2pm; Sat work until 5, free after; Sun afternoon and evening only; can't stand for very long",Gate B,Gate Entry,S3,upcoming,Off site,0,,no,,0
V273,Archie,Murphy,22,0482 232 316,archie.murphy273@example.com,returning,1,0,English;Korean,,radio_comms;customer_service,Any,yes,,S1;S2;S3,,"only free Saturday, free from open to close",,,,standby,Volunteer Hub,0,,yes,,0
V274,Bella,Murphy,20,0455 781 198,bella.murphy274@example.com,first_timer,0,0,English,first_aid;rsa,event_setup;radio_comms;crowd_management,Info Desk,yes,,S1,S1,Sat mornings only; Sun mornings only; happy to be moved anywhere,,,,unavailable,Off site,0,,no,,0
V275,Riley,Yang,19,0471 407 252,riley.yang275@example.com,returning,1,0,English,wwcc,hospitality,Water Station,yes,S1;S2;S3,S1;S2,S1,Fri free all day; Sat can do morning and afternoon; Sun mornings only; happy to be moved anywhere,Water Station,Water Station,S2,on_shift,Water Station,5,5,yes,14:00,1
V276,Leo,Young,21,0468 875 786,leo.young276@example.com,returning,1,0,English,,hospitality;crowd_management;heavy_lifting,Info Desk,yes,S1;S2;S3,S1;S2;S3,S1;S2;S3,Fri free all day; Sat available whenever you need me; Sun free all day; has done St John volunteering,Info Hub,Info Desk,S3,upcoming,Off site,0,,no,,0
V277,Tran,Mitchell,20,0498 791 504,tran.mitchell277@example.com,first_timer,0,0,English,wwcc;food_safety,crowd_management;hospitality,Food Court Support,yes,S1;S2;S3,S1,,Fri free from open to close; Sat free until 2pm; studying nursing,,,,unavailable,Off site,0,,no,,0
V278,Mia,Evans,18,0472 582 120,mia.evans278@example.com,first_timer,0,0,English;Hindi,first_aid;rsa;wwcc,heavy_lifting;first_responder_experience,Crowd Steward,yes,,S1;S2;S3,S1;S2,Sat available whenever you need me; Sun can do morning and afternoon; no heavy lifting please,Lawn Stage,Crowd Steward,S3,upcoming,Off site,0,,no,,0
V279,Tran,Lopez,19,0450 666 165,tran.lopez279@example.com,returning,2,2,English,wwcc;food_safety,hospitality;first_responder_experience;de_escalation,First Aid,yes,S1;S2,S1,,Fri can do morning and afternoon; Sat mornings only,,,,unavailable,Off site,0,,no,,0
V280,Mai,Taylor,28,0496 768 852,mai.taylor280@example.com,first_timer,0,0,English,first_aid,customer_service;radio_comms;first_responder_experience,Stage Crew,no,S2;S3,S1,,Fri afternoon and evening only; Sat free until 2pm; last train is 10:30pm,,,,unavailable,Off site,0,,no,,0
V281,Rafael,White,24,0453 540 216,rafael.white281@example.com,first_timer,0,0,English;Italian,wwcc,radio_comms;navigation_wayfinding;crowd_management,First Aid,no,S3,S1;S2;S3,S1;S2;S3,Fri free after 6pm; Sat available whenever you need me; Sun free from open to close; on the Melbourne Uni volunteers team,,,,standby,Volunteer Hub,0,,yes,,0
V282,Yuki,Lewis,18,0488 724 900,yuki.lewis282@example.com,returning,3,1,English;Vietnamese,rsa;wwcc,navigation_wayfinding,Water Station,no,,S1;S2;S3,,"only free Saturday, available whenever you need me",Lost Children Point,Lost Children,S2,on_shift,Lost Children Point,5,5,yes,14:01,0
V283,Ella,Collins,21,0470 449 393,ella.collins283@example.com,first_timer,0,0,English,rsa;wwcc,first_responder_experience;navigation_wayfinding,First Aid,yes,,S1;S2;S3,,"only free Saturday, available whenever you need me",,,,standby,Off site,0,,no,,0
V284,Zoe,Jackson,18,0466 249 888,zoe.jackson284@example.com,first_timer,0,0,English,wwcc,navigation_wayfinding;hospitality,Food Court Support,no,S3,,,"only free Friday, work until 5, free after",,,,unavailable,Off site,0,,no,,0
V285,Amara,Young,32,0454 108 946,amara.young285@example.com,returning,1,1,English,first_aid;food_safety,hospitality,Info Desk,yes,S2;S3,S2;S3,S1;S2;S3,"Fri uni commitment in the morning, free after lunch; Sat afternoon and evening only; Sun free from open to close",,,,standby,Off site,0,,no,,0
V286,Marcus,Zhang,22,0430 123 128,marcus.zhang286@example.com,first_timer,0,0,English;Punjabi,,de_escalation;hospitality;first_responder_experience,Food Court Support,no,S1;S2,S2,S2;S3,Fri free until 6pm; Sat afternoon only; Sun afternoon and evening only,Food Court,Food Court Support,S2,on_shift,Food Court,5,5,yes,14:00,1
V287,Jayden,Mitchell,19,0446 782 903,jayden.mitchell287@example.com,first_timer,0,0,English;Spanish,food_safety,de_escalation,Gate Entry,yes,S2;S3,S1;S2;S3,S1;S2,Fri free from 2pm; Sat free from open to close; Sun need to leave by 6pm,Gate A,Gate Entry,S2;S3,on_shift,Gate A,5,5,yes,14:01,3
V288,Omar,Hall,23,0491 533 550,omar.hall288@example.com,returning,2,0,English;Greek,rsa;wwcc,first_responder_experience;crowd_management,Info Desk,yes,S3,S1;S2,S2;S3,"Fri work until 5, free after; Sat need to leave by 6pm; Sun afternoon and evening only",Lost Children Point,Lost Children,S1,finished,Off site,0,,no,,0
V289,Zac,Taylor,24,0429 220 480,zac.taylor289@example.com,first_timer,0,0,English,rsa;food_safety,heavy_lifting,Info Desk,yes,S2;S3,,S2,Fri free from 2pm; Sun afternoon only,,,,unavailable,Off site,0,,no,,0
V290,Mohammed,Santos,20,0458 586 954,mohammed.santos290@example.com,first_timer,0,0,English,wwcc,event_setup,Any,no,,S1;S2;S3,S2,Sat available whenever you need me; Sun only free 2 to 6,Main Stage,Crowd Steward,S3,upcoming,Off site,0,,no,,0
V291,Grace,Wright,22,0425 759 672,grace.wright291@example.com,returning,3,0,English,wwcc,hospitality,Info Desk,yes,S2;S3,S1;S2;S3,S1;S2;S3,Fri free from 2pm; Sat free from open to close; Sun free from open to close,Info Hub,Info Desk,S2,on_shift,Info Hub,5,5,yes,14:02,0
V292,Daniel,Kaur,40,0415 603 982,daniel.kaur292@example.com,first_timer,0,0,English,,navigation_wayfinding;customer_service;first_responder_experience,Food Court Support,yes,,S1;S2;S3,,"only free Saturday, free from open to close",Food Court,Food Court Support,S2,on_shift,Food Court,5,5,yes,14:01,1
V293,Ananya,Pham,21,0450 245 522,ananya.pham293@example.com,first_timer,0,0,English,wwcc,crowd_management,Info Desk,yes,S1,S3,S1;S2;S3,Fri free until 2pm; Sat evenings only; Sun free all day,Info Hub,Info Desk,S3,upcoming,Off site,0,,no,,0
V294,Noah,Mitchell,20,0481 767 904,noah.mitchell294@example.com,first_timer,0,0,English,rsa;wwcc,first_responder_experience;hospitality,Water Station,yes,S2;S3,S1;S2;S3,S3,"Fri free from 2pm; Sat available whenever you need me; Sun work until 5, free after",Water Station,Water Station,S1;S2,on_shift,Water Station,245,115,yes,,46
V295,Matilda,Tan,21,0497 489 459,matilda.tan295@example.com,returning,1,0,English,food_safety,heavy_lifting;hospitality,Info Desk,yes,,,S2;S3,"only free Sunday, free from 2pm; would rather not work near loud stages",,,,unavailable,Off site,0,,no,,0
V296,Jin,Yang,20,0494 429 449,jin.yang296@example.com,returning,8,1,English,wwcc;food_safety,radio_comms,Any,yes,S2;S3,S3,,Fri afternoon and evening only; Sat free after 6pm,Lost Children Point,Lost Children,S3,upcoming,Off site,0,,no,,0
V297,Jasmine,Wang,40,0458 947 715,jasmine.wang297@example.com,returning,3,0,English;Spanish,wwcc,customer_service;navigation_wayfinding;de_escalation,Water Station,yes,,S2,S1;S2;S3,Sat afternoon only; Sun free from open to close,Lost Children Point,Lost Children,S2,on_shift,Lost Children Point,5,5,yes,14:02,0
V298,Priya,Singh,19,0473 820 823,priya.singh298@example.com,returning,2,0,English;Mandarin,wwcc,first_responder_experience;customer_service,Food Court Support,yes,,S2,S2,Sat afternoon only; Sun afternoon only,,,,standby,Volunteer Hub,0,,yes,,0
V299,Shreya,Khan,16,0482 976 333,shreya.khan299@example.com,first_timer,0,0,English,,event_setup,Crowd Steward,yes,,S2;S3,S2;S3,Sat free from 2pm; Sun afternoon and evening only; can't stand for very long,,,,standby,Volunteer Hub,0,,yes,,0
V300,Nguyen,Morgan,19,0438 148 384,nguyen.morgan300@example.com,returning,1,1,English;Greek,,navigation_wayfinding;first_responder_experience,First Aid,no,S3,S3,S1,Fri free after 6pm; Sat free after 6pm; Sun free until 2pm,,,,unavailable,Off site,0,,no,,0
